-- phpMyAdmin SQL Dump
-- version 4.9.0.1
-- https://www.phpmyadmin.net/
--
-- Servidor: localhost:3306
-- Tiempo de generación: 03-01-2020 a las 08:58:43
-- Versión del servidor: 10.3.21-MariaDB-log
-- Versión de PHP: 7.3.6

SET SQL_MODE = "NO_AUTO_VALUE_ON_ZERO";
SET AUTOCOMMIT = 0;
START TRANSACTION;
SET time_zone = "+00:00";


/*!40101 SET @OLD_CHARACTER_SET_CLIENT=@@CHARACTER_SET_CLIENT */;
/*!40101 SET @OLD_CHARACTER_SET_RESULTS=@@CHARACTER_SET_RESULTS */;
/*!40101 SET @OLD_COLLATION_CONNECTION=@@COLLATION_CONNECTION */;
/*!40101 SET NAMES utf8mb4 */;

--
-- Base de datos: `ipwebec_ares`
--

-- --------------------------------------------------------

--
-- Estructura de tabla para la tabla `actividad`
--

CREATE TABLE `actividad` (
  `id` int(11) NOT NULL,
  `nombre` varchar(45) DEFAULT NULL,
  `hora_desde` time DEFAULT NULL,
  `duracion` int(11) DEFAULT NULL,
  `accion` varchar(15) DEFAULT NULL,
  `cci` int(11) DEFAULT NULL,
  `ccd` datetime DEFAULT NULL,
  `cwi` int(11) DEFAULT NULL,
  `cwd` datetime DEFAULT NULL
) ENGINE=InnoDB DEFAULT CHARSET=utf8 ROW_FORMAT=DYNAMIC;

-- --------------------------------------------------------

--
-- Estructura de tabla para la tabla `arma`
--

CREATE TABLE `arma` (
  `id` int(11) NOT NULL,
  `fuerza_id` int(11) NOT NULL,
  `nombre` varchar(45) DEFAULT NULL,
  `abreviatura` varchar(45) DEFAULT NULL,
  `cci` int(11) DEFAULT NULL,
  `ccd` datetime DEFAULT NULL,
  `cwi` int(11) DEFAULT NULL,
  `cwd` datetime DEFAULT NULL
) ENGINE=InnoDB DEFAULT CHARSET=utf8 ROW_FORMAT=DYNAMIC;

--
-- Volcado de datos para la tabla `arma`
--

INSERT INTO `arma` (`id`, `fuerza_id`, `nombre`, `abreviatura`, `cci`, `ccd`, `cwi`, `cwd`) VALUES
(1, 1, 'COMUNICACIONES', 'COM', 3, '2019-04-02 11:37:20', 3, '2019-04-02 11:37:51'),
(2, 1, 'INFANTERIA', 'I', 3, '2019-04-02 11:37:35', NULL, NULL),
(3, 1, 'ARTILLERIA', 'A', 3, '2019-04-02 11:38:03', NULL, NULL),
(4, 1, 'INGENIERÍA', 'E', 3, '2019-04-02 11:38:48', 3, '2019-04-02 11:38:58'),
(5, 1, 'AVIACIÓN DEL EJÉRCITO', 'A.E.', 3, '2019-04-02 11:39:30', NULL, NULL),
(6, 1, 'TRANSPORTES', 'TRP', 3, '2019-04-02 11:41:21', NULL, NULL),
(7, 1, 'INTENDENCIA', 'INT', 3, '2019-04-02 11:41:34', NULL, NULL),
(8, 1, 'INTELIGENCIA MILITAR', 'I.M.', 3, '2019-04-02 11:41:53', NULL, NULL),
(9, 3, 'TÉCNICO DE AVIACIÓN', 'TEC. AVC', 3, '2019-04-02 11:44:47', NULL, NULL),
(10, 3, 'ESPECIALISTA DE AVIACIÓN', 'ESP. AVC.', 3, '2019-04-02 11:46:23', NULL, NULL),
(11, 3, 'PILOTO DE AVIACIÓN', 'PLTO. AVC.', 3, '2019-04-02 11:47:20', NULL, NULL),
(12, 5, 'NA', 'NA', 1, '2019-04-11 07:50:49', NULL, NULL),
(13, 4, 'TC.', 'TC.', 3, '2019-04-29 18:52:29', NULL, NULL),
(14, 4, 'ET.', 'ET.', 3, '2019-04-29 19:06:16', NULL, NULL),
(15, 4, 'IF.', 'IF.', 3, '2019-04-29 19:14:28', NULL, NULL),
(16, 4, 'MC.', 'MC.', 3, '2019-04-29 19:17:26', NULL, NULL),
(17, 4, 'AB.', 'AB.', 3, '2019-04-29 19:41:41', NULL, NULL),
(18, 4, 'TEC.', 'TEC.', 3, '2019-04-29 20:31:38', NULL, NULL),
(19, 4, 'CH.', 'CH.', 3, '2019-04-29 20:38:48', NULL, NULL);

-- --------------------------------------------------------

--
-- Estructura de tabla para la tabla `cae`
--

CREATE TABLE `cae` (
  `id` int(11) NOT NULL,
  `unidad_id` int(11) NOT NULL,
  `nombre` varchar(45) DEFAULT NULL,
  `cci` int(11) DEFAULT NULL,
  `ccd` datetime DEFAULT NULL,
  `cwi` int(11) DEFAULT NULL,
  `cwd` datetime DEFAULT NULL
) ENGINE=InnoDB DEFAULT CHARSET=utf8 ROW_FORMAT=DYNAMIC;

--
-- Volcado de datos para la tabla `cae`
--

INSERT INTO `cae` (`id`, `unidad_id`, `nombre`, `cci`, `ccd`, `cwi`, `cwd`) VALUES
(1, 1, 'COCA', NULL, NULL, 1, '2019-03-04 17:15:20'),
(2, 1, 'CUENCA', NULL, NULL, NULL, NULL),
(3, 1, 'GALAPAGOS', NULL, NULL, NULL, NULL),
(4, 1, 'GUAYAQUIL', NULL, NULL, NULL, NULL),
(5, 1, 'LOJA', NULL, NULL, NULL, NULL),
(6, 1, 'MACHALA', NULL, NULL, NULL, NULL),
(7, 1, 'PASTAZA', NULL, NULL, NULL, NULL),
(8, 1, 'QUITO', NULL, NULL, NULL, NULL);

-- --------------------------------------------------------

--
-- Estructura de tabla para la tabla `categoria_menu`
--

CREATE TABLE `categoria_menu` (
  `id` int(11) NOT NULL,
  `nombre` varchar(50) DEFAULT NULL,
  `codigo` varchar(45) DEFAULT NULL,
  `icono` varchar(255) DEFAULT NULL
) ENGINE=InnoDB DEFAULT CHARSET=utf8 ROW_FORMAT=DYNAMIC;

--
-- Volcado de datos para la tabla `categoria_menu`
--

INSERT INTO `categoria_menu` (`id`, `nombre`, `codigo`, `icono`) VALUES
(1, 'Administración', 'administracion', '<i class=\"fab fa-app-store-ios\"></i>'),
(2, 'Talento Humano', 'talentoHumano', '<i class=\"fe fe-user\"></i>'),
(3, 'Configuración', 'configuracion', '<i class=\"fe fe-settings\"></i>'),
(4, 'Registros ', 'registros', '<i class=\"fe fe-book-open\"></i>'),
(11, 'Gestión', 'gestion', '<i class=\"fe fe-settings\"></i>'),
(12, 'Reportes', 'reportes', '<i class=\"fe fe-book-open\"></i>');

-- --------------------------------------------------------

--
-- Estructura de tabla para la tabla `comision`
--

CREATE TABLE `comision` (
  `id` int(11) NOT NULL,
  `tipo_mantenimiento_id` int(11) NOT NULL,
  `numero` int(11) DEFAULT NULL,
  `fecha_creacion` datetime DEFAULT NULL,
  `fecha_inicio` date DEFAULT NULL,
  `fecha_fin` date DEFAULT NULL,
  `fecha_autorizacion` datetime DEFAULT NULL,
  `estado` enum('P','A','R','F','I') DEFAULT 'P',
  `situacion_previa` text DEFAULT NULL,
  `actividad_planificada` text DEFAULT NULL,
  `actividad_ejecutada` text DEFAULT NULL,
  `actividad_pendiente` text DEFAULT NULL,
  `observacion` text DEFAULT NULL,
  `cci` int(11) DEFAULT NULL,
  `ccd` datetime DEFAULT NULL,
  `cwi` int(11) DEFAULT NULL,
  `cwd` datetime DEFAULT NULL
) ENGINE=InnoDB DEFAULT CHARSET=utf8 ROW_FORMAT=DYNAMIC;

--
-- Volcado de datos para la tabla `comision`
--

INSERT INTO `comision` (`id`, `tipo_mantenimiento_id`, `numero`, `fecha_creacion`, `fecha_inicio`, `fecha_fin`, `fecha_autorizacion`, `estado`, `situacion_previa`, `actividad_planificada`, `actividad_ejecutada`, `actividad_pendiente`, `observacion`, `cci`, `ccd`, `cwi`, `cwd`) VALUES
(1, 10, NULL, '2019-04-25 12:25:10', '2019-04-26', '2019-04-27', NULL, 'P', 'DFDFDFD', 'DFDFDFFDFDF', NULL, NULL, NULL, 2, '2019-04-25 12:25:10', NULL, NULL);

-- --------------------------------------------------------

--
-- Estructura de tabla para la tabla `comision_personal`
--

CREATE TABLE `comision_personal` (
  `comision_id` int(11) NOT NULL,
  `personal_id` int(11) NOT NULL
) ENGINE=InnoDB DEFAULT CHARSET=utf8;

--
-- Volcado de datos para la tabla `comision_personal`
--

INSERT INTO `comision_personal` (`comision_id`, `personal_id`) VALUES
(1, 6);

-- --------------------------------------------------------

--
-- Estructura de tabla para la tabla `detalle_parte`
--

CREATE TABLE `detalle_parte` (
  `id` int(11) NOT NULL,
  `parte_id` int(11) NOT NULL,
  `tipo_existencia_id` int(11) NOT NULL,
  `fecha_fallo` datetime DEFAULT NULL,
  `novedad` text DEFAULT NULL,
  `requerimiento` text DEFAULT NULL,
  `es_solucionado` enum('NO','SI') DEFAULT 'NO',
  `fecha_solucion` varchar(50) DEFAULT NULL,
  `solucion` text DEFAULT NULL,
  `horas_fuera_servicio` varchar(20) DEFAULT NULL,
  `cci` int(11) DEFAULT NULL,
  `ccd` datetime DEFAULT NULL,
  `cwi` int(11) DEFAULT NULL,
  `cwd` datetime DEFAULT NULL
) ENGINE=InnoDB DEFAULT CHARSET=utf8 ROW_FORMAT=DYNAMIC;

--
-- Volcado de datos para la tabla `detalle_parte`
--

INSERT INTO `detalle_parte` (`id`, `parte_id`, `tipo_existencia_id`, `fecha_fallo`, `novedad`, `requerimiento`, `es_solucionado`, `fecha_solucion`, `solucion`, `horas_fuera_servicio`, `cci`, `ccd`, `cwi`, `cwd`) VALUES
(584, 23, 192, '2019-07-28 08:50:07', 'SN', 'SN', 'NO', NULL, NULL, NULL, 3, '2019-07-28 08:36:47', NULL, NULL),
(585, 23, 198, '2019-07-28 09:40:49', 'FGFGF', 'FGFGF', 'NO', NULL, NULL, NULL, 3, '2019-07-28 09:22:26', NULL, NULL),
(586, 25, 181, '2019-07-29 09:48:40', 'FGFDGFDG', 'FGFGFGFG', 'NO', NULL, NULL, NULL, 10, '2019-07-28 09:48:23', NULL, NULL),
(587, 27, 181, '2019-09-26 21:29:01', 'SAA', 'SAA', 'NO', NULL, NULL, NULL, 3, '2019-09-10 20:28:45', NULL, NULL),
(589, 28, 196, '2019-09-27 11:50:02', 'CAMBIAR LAS BATERÍAS DE LOS PANELES SOLARES', 'CAMBIO DE BATERÍAS(ADQUISICIÓN EN QUITO)', 'NO', NULL, NULL, NULL, 3, '2019-09-27 09:52:17', NULL, NULL),
(590, 34, 193, '2019-09-27 01:40:50', 'ESTA DAÑADO EL REGULÑADPOR DE VOLTAJE (ESTA FUERA DE SERVICIO)', 'REEMPLAZO DEL REGULADOR DE VOLTAJE EN LA REPETIDORA PUTUMAYO', 'NO', NULL, NULL, NULL, 3, '2019-09-27 10:05:20', NULL, NULL),
(591, 35, 191, '2019-09-27 10:50:56', 'CAMBIAR INVERSOR', 'CAMBIO DE INVERSOR Y LOS DEMAS EQUIPOS', 'NO', NULL, NULL, NULL, 3, '2019-09-27 10:15:25', 3, '2019-09-27 10:16:34'),
(592, 36, 183, '2019-10-02 15:05:19', 'BO', 'NO', 'NO', NULL, NULL, NULL, 3, '2019-10-02 15:05:24', NULL, NULL),
(593, 37, 195, '2019-10-15 13:20:25', 'DF', 'DSDS', 'NO', NULL, NULL, NULL, 3, '2019-10-15 12:54:03', NULL, NULL),
(594, 38, 184, '2019-07-11 08:48:44', 'SSS', 'DDD', 'NO', NULL, NULL, NULL, 3, '2019-10-22 10:01:43', NULL, NULL),
(595, 40, 193, '2019-10-22 10:20:02', 'FUERA DE SERVICIO', 'SE SOLICITO AL CAE QUITO EL ENVIÓ DE OTRO REGULADOR', 'NO', NULL, NULL, NULL, 3, '2019-10-23 10:14:34', NULL, NULL),
(597, 42, 181, '2019-10-30 14:10:07', 'DDD', 'DDD', 'NO', NULL, NULL, NULL, 2, '2019-10-30 13:34:35', NULL, NULL),
(598, 46, 194, '2019-11-06 11:10:44', 'SOBRECARGA', 'CAMBIO', NULL, NULL, NULL, NULL, 6, '2019-11-06 11:03:25', NULL, NULL),
(599, 46, 186, '2019-11-06 11:30:58', 'QUEMADO', 'CAMBIO', NULL, NULL, NULL, NULL, 6, '2019-11-06 11:05:36', 7, '2019-11-06 11:08:44'),
(600, 52, 183, '2019-11-10 01:40:18', 'ROTO UN PANEL SOLAR', 'CAMBIO ', NULL, NULL, NULL, NULL, 6, '2019-11-10 00:40:18', NULL, NULL),
(601, 52, 194, '2019-11-10 01:50:54', 'FUNDIDO POR SOBRECARGA', 'CAMBIO DE UPS', NULL, NULL, NULL, NULL, 6, '2019-11-10 00:43:38', NULL, NULL),
(602, 52, 193, '2019-11-10 00:50:36', 'SIN BATERIAS', 'RECAMBIO DE BATERIAS', NULL, NULL, NULL, NULL, 6, '2019-11-10 00:45:09', NULL, NULL),
(603, 52, 190, '2019-11-10 00:50:50', 'CON DEFECTOS POR SOBRECARGA', 'CAMBIO // REMPLASO', NULL, NULL, NULL, NULL, 6, '2019-11-10 00:49:22', 7, '2019-11-10 00:59:14'),
(604, 52, 179, '2019-11-10 01:51:48', 'SIN GAS REFRIGERANTE', 'RECARGAR GAS REFRIGERANTE', NULL, NULL, NULL, NULL, 7, '2019-11-10 00:52:17', NULL, NULL),
(605, 52, 192, '2019-11-10 01:02:30', 'RROTOS', 'CAMBIO', NULL, NULL, NULL, NULL, 6, '2019-11-10 01:03:11', NULL, NULL),
(606, 54, 183, '2019-11-11 07:30:44', 'FG', 'FDGDFG', NULL, NULL, NULL, NULL, 6, '2019-11-11 07:30:43', NULL, NULL),
(607, 60, 183, '2019-06-19 14:30:33', 'ROTO', 'CAMBIO', NULL, NULL, NULL, NULL, 6, '2019-11-19 14:24:12', NULL, NULL),
(608, 63, 183, '2019-11-27 20:53:40', 'ROTO EL PANEL', 'CAMBIO', 'SI', '2019-11-27 21:10:01', 'FUE REPUESTO POR UN PANEL EXISTENTE EN BODEGA', '0 días 00:16:21', 6, '2019-11-27 19:54:16', 7, '2019-11-27 20:23:58'),
(609, 63, 187, '2019-11-27 20:30:37', 'SIN BATERIAS', 'NUEVA BATERÍA', NULL, NULL, NULL, NULL, 6, '2019-11-27 20:25:14', NULL, NULL),
(610, 64, 194, '2019-11-28 12:40:17', 'QUEMADO POR SOBRECARGA', 'REPOSICION DE UPS', 'NO', '2019-11-28 14:50:54', 'GGGGG', '0 días 02:10:37', 6, '2019-11-28 12:42:49', 3, '2019-11-28 14:51:03'),
(611, 64, 199, '2019-11-28 13:20:01', 'HHHH', 'HHH', 'SI', '2019-11-28 13:30:08', '', '0 días 00:10:07', 6, '2019-11-28 13:11:36', 7, '2019-11-28 14:39:03'),
(612, 64, 174, '2019-11-28 14:50:17', 'FFFCF', 'FCFCFCCF', 'SI', '2019-11-28 15:57:55', 'GGGV', '0 días 01:07:38', 6, '2019-11-28 14:54:04', 7, '2019-11-28 14:58:42'),
(613, 67, 186, '2019-12-02 08:40:39', 'NO ENCIENDE', 'CAMBIO DE BATERIAS', NULL, NULL, NULL, NULL, 6, '2019-12-02 08:40:48', 6, '2019-12-02 08:41:01'),
(614, 67, 185, '2019-12-02 11:20:34', 'SE QUEMO POR  SOBRECARGA', 'CAMBIO', 'SI', '2019-12-02 11:30:19', 'SE CAMBIARON LUEGO DE INSPECCION', '0 días 00:09:45', 6, '2019-12-02 11:24:14', 7, '2019-12-02 11:25:01'),
(615, 69, 188, '2019-12-03 10:10:19', 'QUEMADO POR TORMENTA ELECTRICA', 'CAMBIO', 'SI', '2019-12-03 10:20:43', 'SE  REALIZO EL CAMBIO POR UNO DE BODEGA', '0 días 00:10:24', 6, '2019-12-03 10:10:55', 7, '2019-12-03 10:15:53'),
(616, 69, 191, '2019-12-03 10:20:32', 'NO ALIMENTA BIEN LA  SALIDA DE 110V', 'SUSTITUCION', NULL, NULL, NULL, NULL, 6, '2019-12-03 10:12:06', NULL, NULL),
(617, 69, 188, '2019-12-03 13:20:13', 'QUEMADO', 'CAMBIO', 'SI', '2019-12-03 13:30:44', 'REPARADO', '0 días 00:10:31', 6, '2019-12-03 13:21:46', 7, '2019-12-03 13:23:20'),
(618, 70, 184, '2019-12-05 17:40:22', 'ROTO', 'CAMBIO', 'SI', '2019-12-05 18:52:03', 'CAMBIADO', '0 días 01:11:41', 6, '2019-12-05 17:39:53', 7, '2019-12-05 17:52:35'),
(619, 72, 182, '2019-12-11 13:20:50', 'CORTO CIRCUITO POR TORMENTAS ELÉCTRICAS', 'MANTENIMIENTO DE LA CAJA TÉRMICA', NULL, NULL, NULL, NULL, 6, '2019-12-11 13:35:46', NULL, NULL),
(620, 72, 199, '2019-12-11 13:50:53', 'ROTO', 'CAMBIO', NULL, NULL, NULL, NULL, 6, '2019-12-11 13:58:34', NULL, NULL),
(621, 73, 185, '2019-12-12 10:50:57', 'ROTO', 'CAMBIO', 'SI', '2019-12-12 13:10:28', 'CAMBIADO EN BODEGA', '0 días 02:19:31', 6, '2019-12-12 10:55:28', 7, '2019-12-12 11:14:01'),
(622, 73, 193, '2019-12-12 11:55:38', 'SOBRECARGA ELÉCTRICA', 'CAMBIO', NULL, NULL, NULL, NULL, 6, '2019-12-12 10:56:23', NULL, NULL),
(623, 74, 183, '2019-12-17 13:10:09', 'JJJ', 'JMMM', 'SI', '2019-12-18 14:10:34', 'SE  CAMBIO', '1 días 01:00:25', 6, '2019-12-17 13:01:48', 7, '2019-12-17 13:03:21'),
(624, 75, 183, '2019-12-27 11:50:09', 'AVERÍA', 'SOLUCION', 'SI', '2019-12-27 13:12:00', 'LISTO', '0 días 01:21:51', 6, '2019-12-27 11:54:22', 3, '2019-12-27 14:22:23');

-- --------------------------------------------------------

--
-- Estructura de tabla para la tabla `estacion`
--

CREATE TABLE `estacion` (
  `id` int(11) NOT NULL,
  `sector_id` int(11) NOT NULL,
  `nominativo` varchar(20) DEFAULT NULL,
  `nombre` varchar(500) DEFAULT NULL,
  `direccion` varchar(500) DEFAULT NULL,
  `telefono_fijo` varchar(50) DEFAULT NULL,
  `telefono_movil` varchar(50) DEFAULT NULL,
  `coordenada` varchar(50) DEFAULT NULL,
  `cci` int(11) DEFAULT NULL,
  `ccd` datetime DEFAULT NULL,
  `cwi` int(11) DEFAULT NULL,
  `cwd` datetime DEFAULT NULL
) ENGINE=InnoDB DEFAULT CHARSET=utf8 ROW_FORMAT=DYNAMIC;

--
-- Volcado de datos para la tabla `estacion`
--

INSERT INTO `estacion` (`id`, `sector_id`, `nominativo`, `nombre`, `direccion`, `telefono_fijo`, `telefono_movil`, `coordenada`, `cci`, `ccd`, `cwi`, `cwd`) VALUES
(1, 1, '112/TIP', 'BATALLÓN DE SELVA N° 57 \"MONTECRISTI\" (B.S 57)', NULL, NULL, NULL, NULL, NULL, NULL, NULL, NULL),
(2, 1, '103/COC', 'CAE-COCA (SALA DE EQUIPOS)', NULL, NULL, NULL, NULL, NULL, NULL, NULL, NULL),
(3, 1, '103/COC', 'CAE-COCA (DORMITORIO 2)', NULL, NULL, NULL, NULL, NULL, NULL, NULL, NULL),
(4, 1, '103/COC', 'CAE-COCA (DORMITORIO 3)', NULL, NULL, NULL, NULL, NULL, NULL, NULL, NULL),
(5, 1, '103/COC', 'CAE-COCA (BODEGA)', NULL, NULL, NULL, NULL, NULL, NULL, NULL, NULL),
(6, 1, '103/COC', 'CAE-COCA (SALA ADMINISTRATIVA)', NULL, NULL, NULL, NULL, NULL, NULL, NULL, NULL),
(7, 1, '059/SHG', 'BASE DE ENTRENAMIENTO \"SHANGRILA\"', NULL, NULL, NULL, NULL, NULL, NULL, NULL, NULL),
(8, 1, '085/C19', 'CAE-COCA (COMPAÑÍA DE COMUNICACIONES 19 B.S \"NAPO\")', NULL, NULL, NULL, NULL, NULL, NULL, NULL, NULL),
(9, 1, '197/CAC', 'CONTROL DE ARMAS COCA', NULL, NULL, NULL, NULL, NULL, NULL, NULL, NULL),
(10, 1, '015/RBB', 'CAE-COCA (GAE 3/45) ', NULL, NULL, NULL, NULL, NULL, NULL, NULL, NULL),
(11, 1, '242/DIS', 'DESTACAMENTO INTELIGENCIA NAPO (DINA)', NULL, NULL, NULL, NULL, NULL, NULL, NULL, NULL),
(12, 1, '250/HE1', 'HOSPITAL BÁSICO DE LA  IV D.E \"AMAZONAS\" (H.B IV D.E \"AMAZONAS\")', NULL, NULL, NULL, NULL, NULL, NULL, NULL, NULL),
(13, 1, '164/ESC', 'CAE-COCA (ESCUELA DE SELVA DE LA 19 B.S \"NAPO\")', NULL, NULL, NULL, NULL, NULL, NULL, NULL, NULL),
(14, 1, '111/NFR', 'CAPITANÍA DE PUERTO NUEVO ROCAFUERTE (CAPROC)', NULL, NULL, NULL, NULL, NULL, NULL, NULL, NULL),
(15, 1, '172/COR', 'CAPITANÍA DE PUERTO ORRELLANA (CAPORE)', NULL, NULL, NULL, NULL, NULL, NULL, NULL, NULL),
(16, 1, '103/COC', 'CAE-COCA ', NULL, NULL, NULL, NULL, NULL, NULL, NULL, NULL),
(17, 1, '219/CMO', 'CENTRO DE MÓVILIZACIÓN ORELLANA', NULL, NULL, NULL, NULL, NULL, NULL, NULL, NULL),
(18, 2, '104/PTO', 'BATALLÓN DE SELVA N° 55 \"PUTUMAYO\" (B.S 55)', NULL, NULL, NULL, NULL, NULL, NULL, NULL, NULL),
(19, 2, '113/SCL', 'BATALLÓN DE SELVA N° 56 \"TUNGURAHUA\" (B.S 56)', NULL, NULL, NULL, NULL, NULL, NULL, NULL, NULL),
(20, 2, '116/AGO', 'GRUPO DE FUERZAS ESPECIALES N° 53 \"RAYO\" (G.F.E 53 \"RAYO\")', NULL, NULL, NULL, NULL, NULL, NULL, NULL, NULL),
(21, 2, '124/RCO', 'REPETIDOR LUMBAQUI ', NULL, NULL, NULL, NULL, NULL, NULL, NULL, NULL),
(22, 2, '142/GAB', 'BASE AEREA LAGO AGRIO (BALAG)', NULL, NULL, NULL, NULL, NULL, NULL, NULL, NULL),
(23, 2, '175/CLA', 'BATALLÓN DE APOYO LOGÍSTICO DE LA IV.DE \"AMAZONAS\"', NULL, NULL, NULL, NULL, NULL, NULL, NULL, NULL),
(24, 2, '390/SHU', 'BATALLÓN DE OPERACIONES ESPECIALES EN SELVA \"CAPT. CALLES\" (B.O.E.S 54)', NULL, NULL, NULL, NULL, NULL, NULL, NULL, NULL),
(25, 2, '212/APL', 'BATALLÓN DE SELVA N° 56 \"TUNGURAHUA\" (FF.RR FAE STA. CECILIA)', NULL, NULL, NULL, NULL, NULL, NULL, NULL, NULL),
(26, 2, '297/CGF', 'CAPITANÍA DE PUERTO GENERAL FARFAN (CAPFAR)', NULL, NULL, NULL, NULL, NULL, NULL, NULL, NULL),
(27, 2, '299/CPP', 'CAPITANÍA DE PUERTO PUTUMAYO (CAPMAY)', NULL, NULL, NULL, NULL, NULL, NULL, NULL, NULL),
(28, 2, '296/DLG', 'DESTACAMENTO MILITAR \"LAURO GUERRERO\"', NULL, NULL, NULL, NULL, NULL, NULL, NULL, NULL),
(29, 2, '221/DCP', 'DESTACAMENTO MILITAR \"COOPER\"', NULL, NULL, NULL, NULL, NULL, NULL, NULL, NULL),
(30, 2, '209/ECR', 'ESCUADRÓN \"CÓNDOR\"', NULL, NULL, NULL, NULL, NULL, NULL, NULL, NULL),
(31, 2, '392/SNS', 'REPETIDOR SANSAHUARI', NULL, NULL, NULL, NULL, NULL, NULL, NULL, NULL),
(32, 2, '394/NPL', 'REPETIDOR NUEVO PANUPALI', NULL, NULL, NULL, NULL, NULL, NULL, NULL, NULL),
(33, 2, '395/ZDO', 'REPETIDOR ZANCUDO', NULL, NULL, NULL, NULL, NULL, NULL, NULL, NULL),
(34, 2, '392/SNS', 'DESTACAMENTO MILITAR \"SANSAHUARI\"', NULL, NULL, NULL, NULL, NULL, NULL, NULL, NULL),
(35, 2, '142/GAB', 'BASE AEREA LAGO AGRIO (BALAG)', NULL, NULL, NULL, NULL, NULL, NULL, NULL, NULL),
(36, 2, '391/COP', 'REPETIDOR COOPER', NULL, NULL, NULL, NULL, NULL, NULL, NULL, NULL),
(37, 2, '123/LIM', 'REPETIDOR LIMONCOCHA', NULL, NULL, NULL, NULL, NULL, NULL, NULL, NULL),
(38, 2, '393/PRJ', 'REPETIDOR PALMA ROJA', NULL, NULL, NULL, NULL, NULL, NULL, NULL, NULL),
(39, 2, '122/PAM', 'REPETIDOR PAÑACOCHA', NULL, NULL, NULL, NULL, NULL, NULL, NULL, NULL),
(40, 3, '213/APC', 'AEROPUERTO MARISCAL LAMAR', NULL, NULL, NULL, NULL, NULL, NULL, NULL, NULL),
(41, 3, '152/GAC', 'TERCERA DIVISIÓN DE EJÉRCITO \"TARQUI\" (CO3)', NULL, NULL, NULL, NULL, NULL, NULL, NULL, NULL),
(42, 3, '107/BAA', 'FUERTE MILITAR \"ABDÓN CALDERÓN\" (27 B.A \"PORTETE\")            ', NULL, NULL, NULL, NULL, NULL, NULL, NULL, NULL),
(43, 3, '150/GAM', 'FUERTE MILITAR \"ABDÓN CALDERÓN\" (G.A.L.M 80)', NULL, NULL, NULL, NULL, NULL, NULL, NULL, NULL),
(44, 3, '041/HB3', 'HOSPITAL DIVISIONAL DE LA  III D.E \"TARQUI\" (H.D III D.E \"TARQUI\")', NULL, NULL, NULL, NULL, NULL, NULL, NULL, NULL),
(45, 3, '152/GAC', 'CAE-CUENCA', NULL, NULL, NULL, NULL, NULL, NULL, NULL, NULL),
(46, 3, '379/CRZ', 'REPETIDOR HITO CRUZ ', NULL, NULL, NULL, NULL, NULL, NULL, NULL, NULL),
(47, 3, '159/TMC', 'TERMINAL CUENCA', NULL, NULL, NULL, NULL, NULL, NULL, NULL, NULL),
(48, 3, '170/GCC', 'GRUPO DE CABALLERÍA MECANIZADA N° 6 \"GRAL DAVALOS\" (G.C.M 6 \"DAVALOS\")', NULL, NULL, NULL, NULL, NULL, NULL, NULL, NULL),
(49, 3, '379/CRZ', 'REPETIDOR HITO CRUZ ', NULL, NULL, NULL, NULL, NULL, NULL, NULL, NULL),
(50, 3, '083/CRT', 'REPETIDOR TINAJILLAS  ', NULL, NULL, NULL, NULL, NULL, NULL, NULL, NULL),
(51, 3, '213/APC', 'AEROPUERTO MARISCAL LAMAR', NULL, NULL, NULL, NULL, NULL, NULL, NULL, NULL),
(52, 3, '008/CTL', 'COLEGIO MILITAR N° 4 \"ABDÓN CALDERÓN\" (COMIL 4)', NULL, NULL, NULL, NULL, NULL, NULL, NULL, NULL),
(53, 3, '107/BAA', 'FUERTE MILITAR \"ABDÓN CALDERÓN\" (C.C 27)            ', NULL, NULL, NULL, NULL, NULL, NULL, NULL, NULL),
(54, 3, '127/CL3', 'COMANDO LOGÍSTICO DE LA III D.E (C.L.R 73)', NULL, NULL, NULL, NULL, NULL, NULL, NULL, NULL),
(55, 3, '242/DIS', 'DESTACAMENTO DE INTELIGENCIA SUR \"AZUAY\"', NULL, NULL, NULL, NULL, NULL, NULL, NULL, NULL),
(56, 3, '038/CC3', 'FUERTE MILITAR \"ABDÓN CALDERÓN\" (C.A.L 27)', NULL, NULL, NULL, NULL, NULL, NULL, NULL, NULL),
(57, 3, NULL, 'BODEGA DE MÓVILIZACION CUENCA', NULL, NULL, NULL, NULL, NULL, NULL, NULL, NULL),
(58, 3, '379/PTE', 'REPETIDOR PORTETE', NULL, NULL, NULL, NULL, NULL, NULL, NULL, NULL),
(59, 3, '380/DPS', 'DEPÓSITO DE MUNICION SUR  (DEPSUR)', NULL, NULL, NULL, NULL, NULL, NULL, NULL, NULL),
(60, 3, '038/CC3', 'FUERTE MILITAR \"ABDÓN CALDERÓN\" (C.C 27)            ', NULL, NULL, NULL, NULL, NULL, NULL, NULL, NULL),
(61, 4, '091/GQZ', 'BATALLÓN DE SELVA N° 63 \"GUALAQUIZA\" (B.S 63 \"GUALAQUIZA\")', NULL, NULL, NULL, NULL, NULL, NULL, NULL, NULL),
(62, 4, '382/BBZ', 'REPETIDOR BOMBOIZA', NULL, NULL, NULL, NULL, NULL, NULL, NULL, NULL),
(63, 4, '270/RCB', 'REPETIDOR CERRO BOSCO', NULL, NULL, NULL, NULL, NULL, NULL, NULL, NULL),
(64, 4, '120/RLG', 'REPETIDOR PATOCOCHA', NULL, NULL, NULL, NULL, NULL, NULL, NULL, NULL),
(65, 4, '106/RLA', 'REPETIDOR SANTA BARBARA', NULL, NULL, NULL, NULL, NULL, NULL, NULL, NULL),
(66, 5, '082/CRB', 'REPETIDOR BUERÁN', NULL, NULL, NULL, NULL, NULL, NULL, NULL, NULL),
(67, 5, '037/CCA', 'REPETIDOR CARSHAO ', NULL, NULL, NULL, NULL, NULL, NULL, NULL, NULL),
(68, 6, '001/CCT', 'DIRECCIÓN REGIONAL INSULAR (DIRGIN) SAN CRISTÓBAL', NULL, NULL, NULL, NULL, NULL, NULL, NULL, NULL),
(69, 6, '142/GAB', 'BASE AEREA GALÁPAGOS (BAGAL)', NULL, NULL, NULL, NULL, NULL, NULL, NULL, NULL),
(70, 6, '002/CPA', 'CAPITANÍA DE PUERTO AYORA (CAPAYO) SANTA CRUZ', NULL, NULL, NULL, NULL, NULL, NULL, NULL, NULL),
(71, 6, 'SN', 'REPETIDOR CERRO CROKER (SANTA CRUZ)', NULL, NULL, NULL, NULL, NULL, NULL, NULL, NULL),
(72, 6, 'SN', 'REPETIDOR CERRO AZUL (ISABELA)', NULL, NULL, NULL, NULL, NULL, NULL, NULL, NULL),
(73, 6, 'SN', 'TERMINAL \"GRUPO AEREO Nº 225\"   BAGAL', NULL, NULL, NULL, NULL, NULL, NULL, NULL, NULL),
(74, 6, 'SN', 'CAPITANÍA PUERTO SEYMOUR', NULL, NULL, NULL, NULL, NULL, NULL, NULL, NULL),
(75, 6, 'SN', 'CAE-GALÁPAGOS (SAN CRISTÓBAL)', NULL, NULL, NULL, NULL, NULL, NULL, NULL, NULL),
(76, 6, 'SN', 'ESTACIÓN TERRENA CAE-GALÁPAGOS SAN CRISTÓBAL', NULL, NULL, NULL, NULL, NULL, NULL, NULL, NULL),
(77, 6, '141/ICT', 'CAE-GALÁPAGOS (ESTACIÓN TERRENA) SAN CRISTÓBAL', NULL, NULL, NULL, NULL, NULL, NULL, NULL, NULL),
(78, 6, '140/ICR', 'REPETIDOR SAN JOAQUÍN SAN CRISTÓBAL', NULL, NULL, NULL, NULL, NULL, NULL, NULL, NULL),
(79, 7, '068/GYN', 'CAE-GUAYAQUIL', NULL, NULL, NULL, NULL, NULL, NULL, NULL, NULL),
(80, 7, '065/CC5', 'FUERTE MILITAR \"HUANCAVILCA\" (5 B.I \"GUAYAS\")', NULL, NULL, NULL, NULL, NULL, NULL, NULL, NULL),
(81, 7, '204/RAH', 'REPETIDOR ANIMAS  ', NULL, NULL, NULL, NULL, NULL, NULL, NULL, NULL),
(82, 7, '033/CRA', 'REPETIDOR AZUCENA ', NULL, NULL, NULL, NULL, NULL, NULL, NULL, NULL),
(83, 7, '051/CHB', 'REPETIDOR BALAO CHICO ', NULL, NULL, NULL, NULL, NULL, NULL, NULL, NULL),
(84, 7, '398/CYA', 'REPETIDOR CABUYAS', NULL, NULL, NULL, NULL, NULL, NULL, NULL, NULL),
(85, 7, '034/CR5', 'REPETIDOR CERRO 507 ', NULL, NULL, NULL, NULL, NULL, NULL, NULL, NULL),
(86, 7, '397/COZ', 'REPETIDOR COROZO  ', NULL, NULL, NULL, NULL, NULL, NULL, NULL, NULL),
(87, 7, '040/GYL', 'BASE AEREA SIMÓN BOLÍVAR (CO5-COS 1)', NULL, NULL, NULL, NULL, NULL, NULL, NULL, NULL),
(88, 7, '043/TAU', 'BASE AEREA TAURA (ALA DE COMBATE N° 21)', NULL, NULL, NULL, NULL, NULL, NULL, NULL, NULL),
(89, 7, '236/KFR', 'BASE AEREA TAURA (K-FIR)', NULL, NULL, NULL, NULL, NULL, NULL, NULL, NULL),
(90, 7, '236/CHT', 'BASE AEREA TAURA (CHEETA)', NULL, NULL, NULL, NULL, NULL, NULL, NULL, NULL),
(91, 7, '135/GIN', 'BASE NAVAL NORTE (BASNOR)', NULL, NULL, NULL, NULL, NULL, NULL, NULL, NULL),
(92, 7, '166/COD', 'CAE-GUAYAQUIL (COMANDANCIA DE ESCUADRA - CODES)', NULL, NULL, NULL, NULL, NULL, NULL, NULL, NULL),
(93, 7, '167/COG', 'CAE-GUAYAQUIL (COMANDO DE GUARDACOSTA - COGUAR)', NULL, NULL, NULL, NULL, NULL, NULL, NULL, NULL),
(94, 7, '176/ECP', 'CAE-GUAYAQUIL (ESCUELA DE CAPACITACION Y PERFECCIONAMIENTO - ESCAPE)', NULL, NULL, NULL, NULL, NULL, NULL, NULL, NULL),
(95, 7, '119/CVN', 'COMANDO DE AVIACION NAVAL (COAVNA)', NULL, NULL, NULL, NULL, NULL, NULL, NULL, NULL),
(96, 7, '153/EIC', 'COMANDO DE OPERACIONES NAVALES (COOPNA)', NULL, NULL, NULL, NULL, NULL, NULL, NULL, NULL),
(97, 7, '153/EIC', 'COMANDO DE OPERACIONES NAVALES (CO2)', NULL, NULL, NULL, NULL, NULL, NULL, NULL, NULL),
(98, 7, '373/CBV', 'CUERPO DE INFANTERÍA DE MARINA (CUINMA)', NULL, NULL, NULL, NULL, NULL, NULL, NULL, NULL),
(99, 7, '154/GMM', 'DIRECCIÓN NACIONAL DE ESPACIOS ACUATICOS (DIRNEA)', NULL, NULL, NULL, NULL, NULL, NULL, NULL, NULL),
(100, 7, '108/MDL', 'ECU-911 GUAYAQUIL', NULL, NULL, NULL, NULL, NULL, NULL, NULL, NULL),
(101, 7, '146/ESA', 'ESCUELA DE AVIACION DE LA FUERZA TERRESTRE (ESAE)', NULL, NULL, NULL, NULL, NULL, NULL, NULL, NULL),
(102, 7, '144/EIA', 'ESCUELA DE INFANTERÍA AEREA (E.I.A)', NULL, NULL, NULL, NULL, NULL, NULL, NULL, NULL),
(103, 7, '069/GYZ', 'SEGUNDA DIVISIÓN DE EJÉRCITO \"LIBERTAD\" (II D.E LIBERTAD)', NULL, NULL, NULL, NULL, NULL, NULL, NULL, NULL),
(104, 7, '193/MSI', 'UNIDAD ESPECIAL DE SEGURIDAD \"SINAÍ\" (UESS)', NULL, NULL, NULL, NULL, NULL, NULL, NULL, NULL),
(105, 7, '093/COS', 'BASE AEREA SIMÓN BOLÍVAR (CO5-COS 1)', NULL, NULL, NULL, NULL, NULL, NULL, NULL, NULL),
(106, 7, '198/CAG', 'CONTROL DE ARMAS GUAYAQUIL', NULL, NULL, NULL, NULL, NULL, NULL, NULL, NULL),
(107, 7, '154/GMM', 'DIRECCIÓN NACIONAL DE ESPACIOS ACUATICOS (DIRNEA)', NULL, NULL, NULL, NULL, NULL, NULL, NULL, NULL),
(108, 7, '034/CR5', 'REPETIDOR CERRO 507', NULL, NULL, NULL, NULL, NULL, NULL, NULL, NULL),
(109, 7, '182/CSA', 'AGENCIA DE MONITOREO \"PLAYAS\"', NULL, NULL, NULL, NULL, NULL, NULL, NULL, NULL),
(110, 7, '202/DAO', 'BASE AEREA SIMÓN BOLÍVAR (TRANSPORTABLE COAD)', NULL, NULL, NULL, NULL, NULL, NULL, NULL, NULL),
(111, 7, '232/DTA', 'BASE AEREA TAURA (TRANSPORTABLE DURAN TAMBO)', NULL, NULL, NULL, NULL, NULL, NULL, NULL, NULL),
(112, 7, '231/PCA', 'BASE AEREA TAURA (TRANSPORTABLE PUERTO INCA)', NULL, NULL, NULL, NULL, NULL, NULL, NULL, NULL),
(113, 7, '048/LTD', 'BATALLÓN DE INFANTERÍA MOTORIZADA N° 14 \"MARAÑÓN\" (BIMOT 14 \"MARAÑÓN\")', NULL, NULL, NULL, NULL, NULL, NULL, NULL, NULL),
(114, 7, '060/TRT', 'ESCUELA ARTILLERÍA ANTIAÉREA CONJUNTA TAURITAS ', NULL, NULL, NULL, NULL, NULL, NULL, NULL, NULL),
(115, 7, '086/H2D', 'HOSPITAL GENERAL DE LA II D.E \"LIBERTAD\" (HG II D.E \"LIBERTAD\")', NULL, NULL, NULL, NULL, NULL, NULL, NULL, NULL),
(116, 7, '400/LVT', 'REPETIDOR LOMA VIENTO', NULL, NULL, NULL, NULL, NULL, NULL, NULL, NULL),
(117, 7, '266/RPS', 'RETEN NAVAL POSORJA', NULL, NULL, NULL, NULL, NULL, NULL, NULL, NULL),
(118, 7, '060/TRT', 'ESCUELA ARTILLERÍA ANTIAÉREA CONJUNTA TAURITAS ', NULL, NULL, NULL, NULL, NULL, NULL, NULL, NULL),
(119, 7, '034/CR5', 'REPETIDOR CERRO 507 ', NULL, NULL, NULL, NULL, NULL, NULL, NULL, NULL),
(120, 7, '182/CSA', 'AGENCIA DE MONITOREO \"PLAYAS\"', NULL, NULL, NULL, NULL, NULL, NULL, NULL, NULL),
(121, 7, '156/ENJ', 'BASE NAVAL JARAMIJO (BASJAR)', NULL, NULL, NULL, NULL, NULL, NULL, NULL, NULL),
(122, 7, '217/CPL', 'CAPITANÍA DE PUERTO GUAYAQUIL (CAPUIL)', NULL, NULL, NULL, NULL, NULL, NULL, NULL, NULL),
(123, 7, '148/DRV', 'DIRECCIÓN DE VIVIENDA  DE LA ARMADA (DIRVIV)', NULL, NULL, NULL, NULL, NULL, NULL, NULL, NULL),
(124, 7, '066/SAO', 'CENTRO DE INSTRUCCIÓN, ENTRENAMIENTO Y CERTIFICACION DEL EJÉRCITO (CIESS)', NULL, NULL, NULL, NULL, NULL, NULL, NULL, NULL),
(125, 7, '044/BCZ', 'CAPITANÍA DE BAHÍA DE CARÁQUEZ    (CAPBAH) DESMONTADA ', NULL, NULL, NULL, NULL, NULL, NULL, NULL, NULL),
(126, 7, '067/GYS', 'FUERTE MILITAR \"HUANCAVILCA\" (RECON II D.E)', NULL, NULL, NULL, NULL, NULL, NULL, NULL, NULL),
(127, 7, '040/GYL', 'BASE AEREA SIMÓN BOLÍVAR (CO5-COS 1)', NULL, NULL, NULL, NULL, NULL, NULL, NULL, NULL),
(128, 7, '247/DGY', 'SERVICIO DE NAVEGACIÓN AEREA  (D.A.C GYE)', NULL, NULL, NULL, NULL, NULL, NULL, NULL, NULL),
(129, 8, '045/MTF', 'BASE AEREA ELOY ALFARO (ALA DE COMBATE N° 23) ', NULL, NULL, NULL, NULL, NULL, NULL, NULL, NULL),
(130, 8, '136/CPA', 'ESCUADRÓN \"BUITRE\"', NULL, NULL, NULL, NULL, NULL, NULL, NULL, NULL),
(131, 8, '183/ENM', 'BASE AEREA ELOY ALFARO (ESTACIÓN AERONAVAL MANTA - ESANMA)', NULL, NULL, NULL, NULL, NULL, NULL, NULL, NULL),
(132, 8, '195/DMJ', 'DEPÓSITO DE MUNICION JARAMIJO (DEPJAR)', NULL, NULL, NULL, NULL, NULL, NULL, NULL, NULL),
(133, 8, '046/PTJ', 'FUERTE MILITAR \"MANABÍ\" (G.C.M 12 \"TNTE. HUGO ORTIZ\") ', NULL, NULL, NULL, NULL, NULL, NULL, NULL, NULL),
(134, 8, '397/COZ', 'REPETIDOR COROZO  ', NULL, NULL, NULL, NULL, NULL, NULL, NULL, NULL),
(135, 8, '047/CRJ', 'REPETIDOR JABONCILLO ', NULL, NULL, NULL, NULL, NULL, NULL, NULL, NULL),
(136, 8, '398/CYA', 'REPETIDOR CABUYAS', NULL, NULL, NULL, NULL, NULL, NULL, NULL, NULL),
(137, 8, '045/MTF', 'BASE AEREA ELOY ALFARO (ALA DE COMBATE N° 23)', NULL, NULL, NULL, NULL, NULL, NULL, NULL, NULL),
(138, 8, '046/PTJ', 'FUERTE MILITAR \"MANABÍ\" (G.C.M 12 \"TNTE. HUGO ORTIZ\") ', NULL, NULL, NULL, NULL, NULL, NULL, NULL, NULL),
(139, 8, '396/MTN', 'CAPITANÍA DE PUERTO MANTA (CAPMAN)', NULL, NULL, NULL, NULL, NULL, NULL, NULL, NULL),
(140, 8, '156/ENJ', 'BASE NAVAL JARAMIJO (BASJAR)', NULL, NULL, NULL, NULL, NULL, NULL, NULL, NULL),
(141, 8, '092/BJR', 'BATALLÓN DE INFANTERÍA DE MARINA N° 21 \"JARAMIJO\" (BIMJAR)', NULL, NULL, NULL, NULL, NULL, NULL, NULL, NULL),
(142, 8, '195/DMJ', 'DEPÓSITO DE MUNICION JARAMIJO (DEPJAR)', NULL, NULL, NULL, NULL, NULL, NULL, NULL, NULL),
(143, 8, '249/CPZ', 'FUERTE MILITAR \"MANABÍ\" (CONTROL DE ARMAS PORTOVIEJO)', NULL, NULL, NULL, NULL, NULL, NULL, NULL, NULL),
(144, 9, '049/SLS', 'BASE NAVAL SALINAS (BASALI)', NULL, NULL, NULL, NULL, NULL, NULL, NULL, NULL),
(145, 9, '147/EMA', 'ESCUELA SUPERIOR MILITAR DE AVIACION (ESMA)', NULL, NULL, NULL, NULL, NULL, NULL, NULL, NULL),
(146, 9, '203/CPS', 'CAPITANÍA DE PUERTO SALINAS (CAPSAL)', NULL, NULL, NULL, NULL, NULL, NULL, NULL, NULL),
(147, 9, '149/FMS', 'FUERTE MILITAR \"SALINAS\" (G.A.A 5 \"SALINAS\")', NULL, NULL, NULL, NULL, NULL, NULL, NULL, NULL),
(148, 9, '049/SLS', 'BASE NAVAL SALINAS (BASALI)', NULL, NULL, NULL, NULL, NULL, NULL, NULL, NULL),
(149, 9, '221/DCP', 'DESTACAMENTO CAPAES', NULL, NULL, NULL, NULL, NULL, NULL, NULL, NULL),
(150, 9, '147/EMA', 'ESCUELA SUPERIOR MILITAR DE AVIACION (ESMA)', NULL, NULL, NULL, NULL, NULL, NULL, NULL, NULL),
(151, 9, '376/RSL', 'REPETIDOR SALINAS', NULL, NULL, NULL, NULL, NULL, NULL, NULL, NULL),
(152, 10, '191/CEG', 'COMPAÑÍA  CUARTEL GENERAL DE LA II D.E \"LIBERTAD\" ', NULL, NULL, NULL, NULL, NULL, NULL, NULL, NULL),
(153, 10, '048/LTD', 'BATALLÓN DE INFANTERÍA MOTORIZADA N° 14 \"MARAÑÓN\" (BIMOT 14 \"MARAÑÓN\")', NULL, NULL, NULL, NULL, NULL, NULL, NULL, NULL),
(154, 10, '191/CEG', 'COMPAÑÍA  CUARTEL GENERAL DE LA II D.E \"LIBERTAD\" ', NULL, NULL, NULL, NULL, NULL, NULL, NULL, NULL),
(155, 11, '026/QVT', 'GRUPO DE FUERZAS ESPECIALES N° 26 \"CENEPA\" (G.F.E 26 \"CENEPA\")', NULL, NULL, NULL, NULL, NULL, NULL, NULL, NULL),
(156, 11, '032/QVO', 'REPETIDOR QUEVEDO ', NULL, NULL, NULL, NULL, NULL, NULL, NULL, NULL),
(157, 11, '033/CRA', 'REPETIDOR AZUCENA ', NULL, NULL, NULL, NULL, NULL, NULL, NULL, NULL),
(158, 12, '181/CEC', 'AGENCIA DE MONITOREO \"GUACHANAMÁ\"', NULL, NULL, NULL, NULL, NULL, NULL, NULL, NULL),
(159, 12, '063/CLA', 'BATALLÓN DE INFANTERÍA MOTORIZADA N° 19 \"CARCHI\" (B.I 19)', NULL, NULL, NULL, NULL, NULL, NULL, NULL, NULL),
(160, 12, '077/CMA', 'BATALLÓN DE INFANTERÍA MOTORIZADA N° 20 \"CAPITAN DIAZ\" (BIMOT 20)', NULL, NULL, NULL, NULL, NULL, NULL, NULL, NULL),
(161, 12, '078/MCA', 'BATALLÓN DE INFANTERÍA MOTORIZADA N° 21 \"MACARÁ\" (BIMOT 21)', NULL, NULL, NULL, NULL, NULL, NULL, NULL, NULL),
(162, 12, '070/LJA', 'CAE-LOJA', NULL, NULL, NULL, NULL, NULL, NULL, NULL, NULL),
(163, 12, '189/GAL', 'GRUPO DE ARTILLERÍA N° 7 \"CABO MINACHO\" (G.A 7 \"CABO MINACHO\")', NULL, NULL, NULL, NULL, NULL, NULL, NULL, NULL),
(164, 12, '188/GCL', 'GRUPO DE CABALLERÍA MECANIZADA N°18 \"CAZADORES DE LOS RÍOS\" (G.C.M 18)', NULL, NULL, NULL, NULL, NULL, NULL, NULL, NULL),
(165, 12, '340/HB7', 'HOSPITAL BÁSICO N° 7 \"LOJA\" ( H.B 7 \"LOJA\")', NULL, NULL, NULL, NULL, NULL, NULL, NULL, NULL),
(166, 12, '388/RCM', 'REPETIDOR CARIAMANGA', NULL, NULL, NULL, NULL, NULL, NULL, NULL, NULL),
(167, 12, '386/RCL', 'REPETIDOR CELICA', NULL, NULL, NULL, NULL, NULL, NULL, NULL, NULL),
(168, 12, '387/RMC', 'REPETIDOR MACARÁ ', NULL, NULL, NULL, NULL, NULL, NULL, NULL, NULL),
(169, 12, '076/CMR', 'REPETIDOR MORUPE ', NULL, NULL, NULL, NULL, NULL, NULL, NULL, NULL),
(170, 12, '061/CRM', 'REPETIDOR MOTILÓN ', NULL, NULL, NULL, NULL, NULL, NULL, NULL, NULL),
(171, 12, '106/RLA', 'REPETIDOR SANTA BARBARA', NULL, NULL, NULL, NULL, NULL, NULL, NULL, NULL),
(172, 12, '073/TLD', 'REPETIDOR TOLEDO', NULL, NULL, NULL, NULL, NULL, NULL, NULL, NULL),
(173, 12, '385/CTC', 'REPETIDOR TRES CRUCES ', NULL, NULL, NULL, NULL, NULL, NULL, NULL, NULL),
(174, 12, '062/ALR', 'DESTACAMENTO MILITAR \"ALAMOR\"', NULL, NULL, NULL, NULL, NULL, NULL, NULL, NULL),
(175, 12, '084/CAC', 'REPETIDOR ACACANA  ', NULL, NULL, NULL, NULL, NULL, NULL, NULL, NULL),
(176, 12, '384/RZB', 'REPETIDOR ZUMBA ', NULL, NULL, NULL, NULL, NULL, NULL, NULL, NULL),
(177, 12, '090/CC7', 'COMPAÑÍA DE COMUNICACIONES N° 7 (EJERCICIO)', NULL, NULL, NULL, NULL, NULL, NULL, NULL, NULL),
(178, 12, '342/CME', 'CONTROL  MILITAR \"EL EMPALME\"', NULL, NULL, NULL, NULL, NULL, NULL, NULL, NULL),
(179, 12, '062/ALR', 'DESTACAMENTO MILITAR \"ALAMOR\"', NULL, NULL, NULL, NULL, NULL, NULL, NULL, NULL),
(180, 12, 'SN', 'DESTACAMENTO MILITAR \"SANTA BARBARA\"', NULL, NULL, NULL, NULL, NULL, NULL, NULL, NULL),
(181, 12, '071/CVC', 'REPETIDOR VILLONACO ', NULL, NULL, NULL, NULL, NULL, NULL, NULL, NULL),
(182, 13, '075/ZBA', 'BATALLÓN DE SELVA N° 17 \"ZUMBA\" (B.S 17 \"ZUMBA\")', NULL, NULL, NULL, NULL, NULL, NULL, NULL, NULL),
(183, 13, '072/ZM0', 'BATALLÓN DE SELVA N° 62 \"ZAMORA\" (B.S 62 \"ZAMORA\")', NULL, NULL, NULL, NULL, NULL, NULL, NULL, NULL),
(184, 13, '186/DRU', 'DESTACAMENTO MILITAR \"RUMINAHUI\" ', NULL, NULL, NULL, NULL, NULL, NULL, NULL, NULL),
(185, 13, '079/RLB', 'REPETIDOR SAN RAMÓN ', NULL, NULL, NULL, NULL, NULL, NULL, NULL, NULL),
(186, 14, '192/COM', 'AGENCIA DE MONITOREO \"MULLOPUNGO\"', NULL, NULL, NULL, NULL, NULL, NULL, NULL, NULL),
(187, 14, '259/CLL', 'REPETIDOR CHILLA', NULL, NULL, NULL, NULL, NULL, NULL, NULL, NULL),
(188, 15, '081/CC1', 'CAE-MACHALA (SALA DE EQUIPOS)', NULL, NULL, NULL, NULL, NULL, NULL, NULL, NULL),
(189, 15, '081/CC1', 'CAE-MACHALA (SALA DE VIVIENDA)', NULL, NULL, NULL, NULL, NULL, NULL, NULL, NULL),
(190, 15, '081/CC1', 'CAE-MACHALA (DORMITORIO 1)', NULL, NULL, NULL, NULL, NULL, NULL, NULL, NULL),
(191, 15, '081/CC1', 'CAE-MACHALA (DORMITORIO 2)', NULL, NULL, NULL, NULL, NULL, NULL, NULL, NULL),
(192, 15, '081/CC1', 'CAE-MACHALA (DORMITORIO 3)', NULL, NULL, NULL, NULL, NULL, NULL, NULL, NULL),
(193, 15, '081/CC1', 'CAE-MACHALA (DORMITORIO 4)', NULL, NULL, NULL, NULL, NULL, NULL, NULL, NULL),
(194, 15, '081/CC1', 'CAE-MACHALA (AULA DE INSTRUCCIÓN)', NULL, NULL, NULL, NULL, NULL, NULL, NULL, NULL),
(195, 15, '081/CC1', 'CAE-MACHALA (BODEGA)', NULL, NULL, NULL, NULL, NULL, NULL, NULL, NULL),
(196, 15, '050/MLA', 'CAE-MACHALA ', NULL, NULL, NULL, NULL, NULL, NULL, NULL, NULL),
(197, 15, '383/LPM', 'REPETIDOR LOMA PALMAR', NULL, NULL, NULL, NULL, NULL, NULL, NULL, NULL),
(198, 15, '246/EJM', 'BATALLÓN DE INFANTERÍA DE MARINA N° 22 \"JAMBELI\" (BIMJAM)', NULL, NULL, NULL, NULL, NULL, NULL, NULL, NULL),
(199, 15, '054/ALS', 'BATALLÓN INFANTERÍA MOTORIZADO N° 1 \"CONSTITUCION\" (BIMOT 1 \"CONSTITUCION\")', NULL, NULL, NULL, NULL, NULL, NULL, NULL, NULL),
(200, 15, '056/RSA', 'BATALLÓN INFANTERÍA MOTORIZADO N° 2 \"IMBABURA\" (BIMOT 2 \"IMBABURA\")', NULL, NULL, NULL, NULL, NULL, NULL, NULL, NULL),
(201, 15, '042/PBL', 'CAPITANÍA DE PUERTO BOLÍVAR (CAPBOL)', NULL, NULL, NULL, NULL, NULL, NULL, NULL, NULL),
(202, 15, '053/CSY', 'DEPÓSITO DE MUNICION N°1 \"CASACAY\"', NULL, NULL, NULL, NULL, NULL, NULL, NULL, NULL),
(203, 15, '058/EGB', 'FUERTE MILITAR \"BOLÍVAR\" (G.A 1 \"BOLÍVAR\")', NULL, NULL, NULL, NULL, NULL, NULL, NULL, NULL),
(204, 15, '057/LAV', 'GRUPO DE CABALLERÍA BLINDADA N° 4 \"FEBRES CORDERO\" (G.C.B 4 \"FEBRES CORDERO\")', NULL, NULL, NULL, NULL, NULL, NULL, NULL, NULL),
(205, 15, '039/HB1', 'HOSPITAL BÁSICO N° 1 \"EL ORO\" (H.B 1 \"EL ORO\")', NULL, NULL, NULL, NULL, NULL, NULL, NULL, NULL),
(206, 15, '081/CC1', 'CAE-MACHALA (TRANSPORTABLE PARA EJERCICIOS)', NULL, NULL, NULL, NULL, NULL, NULL, NULL, NULL),
(207, 15, '066/SAO', 'CENTRO DE INSTRUCCIÓN, ENTRENAMIENTO Y CERTIFICACION DEL EJÉRCITO (CIESS)', NULL, NULL, NULL, NULL, NULL, NULL, NULL, NULL),
(208, 15, '272/RLQ', 'REPETIDOR LOMA QUITO', NULL, NULL, NULL, NULL, NULL, NULL, NULL, NULL),
(209, 15, '081/CC1', 'CAE-MACHALA (TRANSPORTABLE PARA EJERCICIOS)', NULL, NULL, NULL, NULL, NULL, NULL, NULL, NULL),
(210, 15, '042/PBL', 'CAPITANÍA DE PUERTO BOLÍVAR (CAPBOL)', NULL, NULL, NULL, NULL, NULL, NULL, NULL, NULL),
(211, 15, '053/CSY', 'DEPÓSITO DE MUNICION N°1 \"CASACAY\"', NULL, NULL, NULL, NULL, NULL, NULL, NULL, NULL),
(212, 15, '185/DCA', 'DESTACAMENTO MILITAR \"CALDERÓN\" ', NULL, NULL, NULL, NULL, NULL, NULL, NULL, NULL),
(213, 15, '342/CME', 'CONTROL DE ARMAS MACHALA', NULL, NULL, NULL, NULL, NULL, NULL, NULL, NULL),
(214, 16, '235/CC7', 'CAE-LOJA (COMPAÑÍA DE COMUNICACIONES 7 B.I \"LOJA\")', NULL, NULL, NULL, NULL, NULL, NULL, NULL, NULL),
(215, 17, '100/PZA', 'CAE-PASTAZA', NULL, NULL, NULL, NULL, NULL, NULL, NULL, NULL),
(216, 17, '389/STC', 'REPETIDOR SANTA CLARA', NULL, NULL, NULL, NULL, NULL, NULL, NULL, NULL),
(217, 17, '114/MON', 'BATALLÓN DE SELVA N° 49 “CAPT. CHIRIBOGA” (B.S 49 “MONTALVO”)', NULL, NULL, NULL, NULL, NULL, NULL, NULL, NULL),
(218, 17, '207/CO2', 'CENTRO DE OPERACIONES SECTORIAL N° 2 (COS 2)', NULL, NULL, NULL, NULL, NULL, NULL, NULL, NULL),
(219, 17, '191/CEG', 'COMPAÑÍA DE SELVA N° 48 \"SANGAY\"  (B.S 48 “LOROCACHI”)', NULL, NULL, NULL, NULL, NULL, NULL, NULL, NULL),
(220, 17, '162/H17', 'HOSPITAL BÁSICO  N° 17 \"PASTAZA\" (H.B 17 \"PASTAZA\")', NULL, NULL, NULL, NULL, NULL, NULL, NULL, NULL),
(221, 17, '161/RCV', 'REPETIDOR CALVARIO', NULL, NULL, NULL, NULL, NULL, NULL, NULL, NULL),
(222, 17, '399/PSY', 'REPETIDOR PAUSHIYACU    ', NULL, NULL, NULL, NULL, NULL, NULL, NULL, NULL),
(223, 17, '115/LOR', 'COMPAÑÍA DE SELVA N° 48 \"SANGAY\"  (B.S 48 “LOROCACHI”)', NULL, NULL, NULL, NULL, NULL, NULL, NULL, NULL),
(224, 18, '102/CBJ', 'REPETIDOR ABITAHUA', NULL, NULL, NULL, NULL, NULL, NULL, NULL, NULL),
(225, 19, '114/MON', 'BATALLÓN DE SELVA N° 50 \"MORONA\"  (B.S 50 “TAISHA” )', NULL, NULL, NULL, NULL, NULL, NULL, NULL, NULL),
(226, 19, '117/OTZ', 'BATALLÓN DE SELVA N° 61 \"SANTIAGO\" (B.S 61 \"SANTIAGO\")', NULL, NULL, NULL, NULL, NULL, NULL, NULL, NULL),
(227, 19, '200/PAT', 'BRIGADA DE SELVA N° 21 \"CÓNDOR\" (21 B.S \"CÓNDOR\")', NULL, NULL, NULL, NULL, NULL, NULL, NULL, NULL),
(228, 19, '114/MON', 'BATALLÓN DE SELVA N° 50 \"MORONA\"  (B.S 50 “TAISHA” )', NULL, NULL, NULL, NULL, NULL, NULL, NULL, NULL),
(229, 19, '380/ANK', 'REPETIDOR ANKUASH', NULL, NULL, NULL, NULL, NULL, NULL, NULL, NULL),
(230, 19, '160/KIL', 'REPETIDOR QUILAMO', NULL, NULL, NULL, NULL, NULL, NULL, NULL, NULL),
(231, 19, 'SN', 'REPETIDOR SAN LUIS DE UPANO', NULL, NULL, NULL, NULL, NULL, NULL, NULL, NULL),
(232, 20, '210/DAP', 'REPETIDOR NAPO GALERAS (ESCUADRÓN PAPAGAYO)', NULL, NULL, NULL, NULL, NULL, NULL, NULL, NULL),
(233, 20, '210/DAP', 'REPETIDOR NAPO GALERAS (ESCUADRÓN PAPAGAYO)', NULL, NULL, NULL, NULL, NULL, NULL, NULL, NULL),
(234, 20, '210/DAP', 'REPETIDOR NAPO GALERAS (ESCUADRÓN PAPAGAYO)', NULL, NULL, NULL, NULL, NULL, NULL, NULL, NULL),
(235, 20, '210/DAP', 'REPETIDOR NAPO GALERAS (ESCUADRÓN PAPAGAYO)', NULL, NULL, NULL, NULL, NULL, NULL, NULL, NULL),
(236, 21, '155/BAC', 'BASE AÉREA COTOPAXI (BACO)', NULL, NULL, NULL, NULL, NULL, NULL, NULL, NULL),
(237, 21, '401/DTL', 'AGENCIA DE MONITOREO \"LATACUNGA\"', NULL, NULL, NULL, NULL, NULL, NULL, NULL, NULL),
(238, 21, '372/CLR', 'CENTRO DE OPERACIONES ESPACIALES (COEC)', NULL, NULL, NULL, NULL, NULL, NULL, NULL, NULL),
(239, 21, '369/DTY', 'BASE AEREA COTOPAXI (ALA_11)', NULL, NULL, NULL, NULL, NULL, NULL, NULL, NULL),
(240, 21, '196/ESF', 'BRIGADA DE FUERZAS ESPECIALES N° 9 \"PATRIA\" (ESFE)', NULL, NULL, NULL, NULL, NULL, NULL, NULL, NULL),
(241, 22, '010/QTO', 'CAE-QUITO', NULL, NULL, NULL, NULL, NULL, NULL, NULL, NULL),
(242, 22, '201/GTA', 'BASE AEREA MARISCAL SUCRE (BAMAS-GTAE-ALA-11)', NULL, NULL, NULL, NULL, NULL, NULL, NULL, NULL),
(243, 22, '010/QTO', 'CAE-QUITO (COMACO - 2° PISO) ', NULL, NULL, NULL, NULL, NULL, NULL, NULL, NULL),
(244, 22, '010/QTO', 'CAE-QUITO (COMACO - CUARTO DE CONTROL) ', NULL, NULL, NULL, NULL, NULL, NULL, NULL, NULL),
(245, 22, '010/QTO', 'CAE-QUITO (COMANDANCIA GENERAL DE LA FUERZA AEREA)', NULL, NULL, NULL, NULL, NULL, NULL, NULL, NULL),
(246, 22, '010/QTO', 'CAE-QUITO (COMANDANCIA GENERAL DE LA FUERZA NAVAL)', NULL, NULL, NULL, NULL, NULL, NULL, NULL, NULL),
(247, 22, '010/QTO', 'CAE-QUITO (COMANDANCIA GENERAL DE LA FUERZA TERRESTRE)', NULL, NULL, NULL, NULL, NULL, NULL, NULL, NULL),
(248, 22, '010/QTO', 'CAE-QUITO (DEPARTAMENTO DE INGENIERIA)', NULL, NULL, NULL, NULL, NULL, NULL, NULL, NULL),
(249, 22, '010/QTO', 'CAE-QUITO (MIDENA) ', NULL, NULL, NULL, NULL, NULL, NULL, NULL, NULL),
(250, 22, '010/QTO', 'CAE-QUITO (POLICLÍNICO)', NULL, NULL, NULL, NULL, NULL, NULL, NULL, NULL),
(251, 22, '218/CEH', 'CENTRO DE ESTUDIOS HISTORICOS DEL EJÉRCITO (CEHE)', NULL, NULL, NULL, NULL, NULL, NULL, NULL, NULL),
(252, 22, '008/CTL', 'CENTRO DE TELECOMUNICACIONES DE LA FUERZA AEREA (CETEL)', NULL, NULL, NULL, NULL, NULL, NULL, NULL, NULL),
(253, 22, '008/CTL', 'COLEGIO MILITAR N° 1 \"ELOY ALFARO\" (COMIL 1)', NULL, NULL, NULL, NULL, NULL, NULL, NULL, NULL),
(254, 22, '165/CAM', 'CONTROL DE ARMAS QUITO', NULL, NULL, NULL, NULL, NULL, NULL, NULL, NULL),
(255, 22, '128/DMC', 'DEPÓSITO DE MUNICION CORAZON (DEPCOR)', NULL, NULL, NULL, NULL, NULL, NULL, NULL, NULL),
(256, 22, '194/DIM', 'DIRECCIÓN DE INTERESES MARITIMOS (DIGEIM)', NULL, NULL, NULL, NULL, NULL, NULL, NULL, NULL),
(257, 22, '243/ECU', 'ECU-911 QUITO', NULL, NULL, NULL, NULL, NULL, NULL, NULL, NULL),
(258, 22, '131/MCI', 'FUERTE MILITAR \"ATAHUALPA\" (13 B.I \"PICHINCHA\")', NULL, NULL, NULL, NULL, NULL, NULL, NULL, NULL),
(259, 22, '206/GMR', 'FUERTE MILITAR \"ECUADOR\" (GMREC)', NULL, NULL, NULL, NULL, NULL, NULL, NULL, NULL),
(260, 22, '208/UEM', 'FUERTE MILITAR \"ECUADOR\" (UEMPE)', NULL, NULL, NULL, NULL, NULL, NULL, NULL, NULL),
(261, 22, '205/GEO', 'FUERTE MILITAR \"ECUADOR\" (GEO)', NULL, NULL, NULL, NULL, NULL, NULL, NULL, NULL),
(262, 22, '023/GAQ', 'FUERTE MILITAR \"EL PINTADO\" ( COLOG 25 \"REINO DE QUITO\")', NULL, NULL, NULL, NULL, NULL, NULL, NULL, NULL),
(263, 22, '222/FRE', 'FUERTE MILITAR \"RUMIÑAHUI\" (ECU-911)', NULL, NULL, NULL, NULL, NULL, NULL, NULL, NULL),
(264, 22, '239/GES', 'GRUPO ESPECIAL DE SEGURIDAD DEL EJÉRCITO (GESE)', NULL, NULL, NULL, NULL, NULL, NULL, NULL, NULL),
(265, 22, '250/HE1', 'HOSPITAL DE ESPECIALIDADES FF.AA. N° 1', NULL, NULL, NULL, NULL, NULL, NULL, NULL, NULL),
(266, 22, '248/ISS', 'INSTITUTO DE SEGURIDAD SOCIAL DE LAS FF.AA. (ISSFA)', NULL, NULL, NULL, NULL, NULL, NULL, NULL, NULL),
(267, 22, '238/PSE', 'PRESIDENCIA', NULL, NULL, NULL, NULL, NULL, NULL, NULL, NULL),
(268, 22, '252/CLS', 'PRIMERA DIVISIÓN DE EJÉRCITO \"SHYRIS\" (C.L 72 \"SHYRIS\")', NULL, NULL, NULL, NULL, NULL, NULL, NULL, NULL),
(269, 22, '190/EPQ', 'PRIMERA DIVISIÓN DE EJÉRCITO \"SHYRIS\" (CO4)', NULL, NULL, NULL, NULL, NULL, NULL, NULL, NULL),
(270, 22, '022/RLC', 'REPETIDOR CAYAMBE', NULL, NULL, NULL, NULL, NULL, NULL, NULL, NULL),
(271, 22, '091/GQZ', 'BATALLÓN ESCUELA POLICIA MILITAR MINISTERIAL (BEPMM)', NULL, NULL, NULL, NULL, NULL, NULL, NULL, NULL),
(272, 22, '010/QTO', 'CAE-QUITO (COMACO - DATA CENTER INFORMATICA)', NULL, NULL, NULL, NULL, NULL, NULL, NULL, NULL),
(273, 22, '239/GES', 'GRUPO ESPECIAL DE SEGURIDAD DEL EJÉRCITO (GESE)', NULL, NULL, NULL, NULL, NULL, NULL, NULL, NULL),
(274, 22, '190/EPQ', 'PRIMERA DIVISIÓN DE EJÉRCITO \"SHYRIS\" (CO4)', NULL, NULL, NULL, NULL, NULL, NULL, NULL, NULL),
(275, 22, '165/CAM', 'CONTROL DE ARMAS QUITO', NULL, NULL, NULL, NULL, NULL, NULL, NULL, NULL),
(276, 22, '234/CM1', 'COMISIÓN DE LEGISLACIÓN MILITAR (COLEMI)', NULL, NULL, NULL, NULL, NULL, NULL, NULL, NULL),
(277, 22, '035/CCO', 'REPETIDOR CRUZ LOMA', NULL, NULL, NULL, NULL, NULL, NULL, NULL, NULL),
(278, 22, '220/MIR', 'REPETIDOR MIRAVALLE ', NULL, NULL, NULL, NULL, NULL, NULL, NULL, NULL),
(279, 22, '012/AGE', 'ACADEMIA DE GUERRA DEL EJÉRCITO (AGE)', NULL, NULL, NULL, NULL, NULL, NULL, NULL, NULL),
(280, 22, '129/ATC', 'ALOJAMIENTO DE TRIPULANTES DE LA ARMADA (ADT)', NULL, NULL, NULL, NULL, NULL, NULL, NULL, NULL),
(281, 22, '008/CTL', 'CENTRO DE TELECOMUNICACIONES DE LA FUERZA AEREA (CETEL)', NULL, NULL, NULL, NULL, NULL, NULL, NULL, NULL),
(282, 22, '153/EIC', 'COMANDO DE INTELIGENCIA MILITAR CONJUNTO (COIMC)', NULL, NULL, NULL, NULL, NULL, NULL, NULL, NULL),
(283, 22, '132/CIQ', 'CUERPO DE INGENIEROS  DE LA FUERZA TERRESTRE (C.E.E.)', NULL, NULL, NULL, NULL, NULL, NULL, NULL, NULL),
(284, 22, '089/ECO', 'DESTACAMENTO MILITAR \"EL CORAZON\"', NULL, NULL, NULL, NULL, NULL, NULL, NULL, NULL),
(285, 22, '097/EEA', 'ESCUELA SUPERIOR MILITAR ELOY ALFARO (ESMIL)', NULL, NULL, NULL, NULL, NULL, NULL, NULL, NULL),
(286, 22, '139/IGM', 'INSTITUTO GEOGRÁFICO MILITAR (I.G.M.)', NULL, NULL, NULL, NULL, NULL, NULL, NULL, NULL),
(287, 22, '016/SQI', 'INSTITUTO NACIONAL DE DEFENSA (INADE)', NULL, NULL, NULL, NULL, NULL, NULL, NULL, NULL),
(288, 22, '095/LNQ', 'LICEO NAVAL DE QUITO ', NULL, NULL, NULL, NULL, NULL, NULL, NULL, NULL),
(289, 22, '030/CAZ', 'REPETIDOR ATACAZO ', NULL, NULL, NULL, NULL, NULL, NULL, NULL, NULL),
(290, 22, '037/CCA', 'REPETIDOR CAYAMBE ', NULL, NULL, NULL, NULL, NULL, NULL, NULL, NULL),
(291, 22, '009/CDA ', 'REPETIDOR CONDORCOCHA', NULL, NULL, NULL, NULL, NULL, NULL, NULL, NULL),
(292, 22, '035/CCO', 'REPETIDOR CRUZ LOMA ', NULL, NULL, NULL, NULL, NULL, NULL, NULL, NULL),
(293, 22, '220/MIR', 'REPETIDOR MIRAVALLE ', NULL, NULL, NULL, NULL, NULL, NULL, NULL, NULL),
(294, 22, '169/CEW', 'REPETIDOR MONJAS    ', NULL, NULL, NULL, NULL, NULL, NULL, NULL, NULL),
(295, 22, '250/HE1', 'HOSPITAL DE ESPECIALIDADES FF.AA. N° 1', NULL, NULL, NULL, NULL, NULL, NULL, NULL, NULL),
(296, 22, '016/SQI', 'INSTITUTO NACIONAL DE DEFENSA (INADE)', NULL, NULL, NULL, NULL, NULL, NULL, NULL, NULL),
(297, 22, '238/PSE', 'PRESIDENCIA', NULL, NULL, NULL, NULL, NULL, NULL, NULL, NULL),
(298, 22, '190/EPQ', 'PRIMERA DIVISIÓN DE EJÉRCITO \"SHYRIS\" (CO4)', NULL, NULL, NULL, NULL, NULL, NULL, NULL, NULL),
(299, 22, '030/CAZ', 'REPETIDOR ATACAZO ', NULL, NULL, NULL, NULL, NULL, NULL, NULL, NULL),
(300, 22, '037/CCA', 'REPETIDOR CAYAMBE ', NULL, NULL, NULL, NULL, NULL, NULL, NULL, NULL),
(301, 22, '037/CCA', 'REPETIDOR CAYAMBE ', NULL, NULL, NULL, NULL, NULL, NULL, NULL, NULL),
(302, 22, '009/CDA ', 'REPETIDOR CONDORCOCHA', NULL, NULL, NULL, NULL, NULL, NULL, NULL, NULL),
(303, 22, '035/CCO', 'REPETIDOR CRUZ LOMA ', NULL, NULL, NULL, NULL, NULL, NULL, NULL, NULL),
(304, 22, '011/APQ', 'BASE AEREA MARISCAL SUCRE (BAMAS)', NULL, NULL, NULL, NULL, NULL, NULL, NULL, NULL),
(305, 22, '010/QTO', 'CAE-QUITO', NULL, NULL, NULL, NULL, NULL, NULL, NULL, NULL),
(306, 22, '128/DMC', 'DEPÓSITO DE MUNICION CORAZON (DEPCOR)', NULL, NULL, NULL, NULL, NULL, NULL, NULL, NULL),
(307, 22, '243/ECU', 'ECU-911 QUITO', NULL, NULL, NULL, NULL, NULL, NULL, NULL, NULL),
(308, 22, '012/AGE', 'ACADEMIA DE GUERRA DEL EJÉRCITO (AGE)', NULL, NULL, NULL, NULL, NULL, NULL, NULL, NULL),
(309, 22, '129/ATC', 'ALOJAMIENTO DE TRIPULANTES DE LA ARMADA (ADT)', NULL, NULL, NULL, NULL, NULL, NULL, NULL, NULL),
(310, 22, '008/CTL', 'CENTRO DE TELECOMUNICACIONES DE LA FUERZA AEREA (CETEL)', NULL, NULL, NULL, NULL, NULL, NULL, NULL, NULL),
(311, 22, '153/EIC', 'COMANDO DE INTELIGENCIA MILITAR CONJUNTO (COIMC)', NULL, NULL, NULL, NULL, NULL, NULL, NULL, NULL),
(312, 22, '089/ECO', 'DESTACAMENTO MILITAR \"EL CORAZON\"', NULL, NULL, NULL, NULL, NULL, NULL, NULL, NULL),
(313, 22, '145/DAC', 'DIRECCIÓN DE AVIACION CIVIL (DAC)', NULL, NULL, NULL, NULL, NULL, NULL, NULL, NULL),
(314, 22, '087/DAF', 'DIRECCIÓN DE INDUSTRIAS AERONAUTICAS DE LA FUERZA AEREA (DIAF)', NULL, NULL, NULL, NULL, NULL, NULL, NULL, NULL),
(315, 22, '151/MOQ', 'DIRECCIÓN DE MÓVILIZACION  DEL CC.FF.AA (DIRMOV)', NULL, NULL, NULL, NULL, NULL, NULL, NULL, NULL),
(316, 22, '131/MCI', 'FUERTE MILITAR \"ATAHUALPA\" (13 B.I \"PICHINCHA\")', NULL, NULL, NULL, NULL, NULL, NULL, NULL, NULL),
(317, 22, '368/BAE', 'FUERTE MILITAR \"MARCO AURELIO SUBIA\" (15 B.A.E \"PAQUISHA\")', NULL, NULL, NULL, NULL, NULL, NULL, NULL, NULL),
(318, 22, '139/IGM', 'INSTITUTO GEOGRÁFICO MILITAR (IGM)', NULL, NULL, NULL, NULL, NULL, NULL, NULL, NULL),
(319, 22, '016/SQI', 'INSTITUTO NACIONAL DE DEFENSA (INADE)', NULL, NULL, NULL, NULL, NULL, NULL, NULL, NULL),
(320, 22, '095/LNQ', 'LICEO NAVAL DE QUITO ', NULL, NULL, NULL, NULL, NULL, NULL, NULL, NULL),
(321, 22, '035/CCO', 'REPETIDOR CRUZ LOMA ', NULL, NULL, NULL, NULL, NULL, NULL, NULL, NULL),
(322, 22, '220/MIR', 'REPETIDOR MIRAVALLE ', NULL, NULL, NULL, NULL, NULL, NULL, NULL, NULL),
(323, 22, '193/MSI', 'UNIVERSIDAD DE LAS FUERZAS ARMADAS (ESPE)', NULL, NULL, NULL, NULL, NULL, NULL, NULL, NULL),
(324, 22, '132/CIQ', 'CUERPO DE INGENIEROS  DE LA FUERZA TERRESTRE (CEE)', NULL, NULL, NULL, NULL, NULL, NULL, NULL, NULL),
(325, 22, '097/EEA', 'ESCUELA SUPERIOR MILITAR ELOY ALFARO (ESMIL)', NULL, NULL, NULL, NULL, NULL, NULL, NULL, NULL),
(326, 22, '023/GAQ', 'FUERTE MILITAR \"EL PINTADO\" ( COLOG 25 \"REINO DE QUITO\")', NULL, NULL, NULL, NULL, NULL, NULL, NULL, NULL),
(327, 22, '153/EIC', 'COMANDO DE INTELIGENCIA MILITAR CONJUNTO (COIMC)', NULL, NULL, NULL, NULL, NULL, NULL, NULL, NULL),
(328, 22, '137/BAB', 'FUERTE MILITAR \"ECUADOR\" ', NULL, NULL, NULL, NULL, NULL, NULL, NULL, NULL),
(329, 22, '368/BAE', 'FUERTE MILITAR \"MARCO AURELIO SUBIA\" (15 B.A.E \"PAQUISHA\")', NULL, NULL, NULL, NULL, NULL, NULL, NULL, NULL),
(330, 22, '190/EPQ', 'PRIMERA DIVISIÓN DE EJÉRCITO \"SHYRIS\" (CO4)', NULL, NULL, NULL, NULL, NULL, NULL, NULL, NULL),
(331, 22, '008/CTL', 'CAE-QUITO (COMANDANCIA GENERAL DE LA FUERZA AEREA)', NULL, NULL, NULL, NULL, NULL, NULL, NULL, NULL),
(332, 22, '008/CTL', 'CENTRO DE TELECOMUNICACIONES DE LA FUERZA AEREA (CETEL)', NULL, NULL, NULL, NULL, NULL, NULL, NULL, NULL),
(333, 22, NULL, 'DIRECCIÓN DE BIENESTAR SOCIAL FAE', NULL, NULL, NULL, NULL, NULL, NULL, NULL, NULL),
(334, 22, '133/BTQ', 'FUERTE MILITAR \"RUMIÑAHUI\" (B.C 1 \"RUMIÑAHUI\")', NULL, NULL, NULL, NULL, NULL, NULL, NULL, NULL),
(335, 22, '222/FRE', 'FUERTE MILITAR \"RUMIÑAHUI\" (ECU-911)', NULL, NULL, NULL, NULL, NULL, NULL, NULL, NULL),
(336, 22, '250/HE1', 'HOSPITAL DE ESPECIALIDADES FF.AA. N° 1', NULL, NULL, NULL, NULL, NULL, NULL, NULL, NULL),
(337, 22, '248/ISS', 'INSTITUTO DE SEGURIDAD SOCIAL DE LAS FF.AA. (ISSFA)', NULL, NULL, NULL, NULL, NULL, NULL, NULL, NULL),
(338, 22, '244/IEE', 'INSTITUTO ESPACIAL ECUATORIANO', NULL, NULL, NULL, NULL, NULL, NULL, NULL, NULL),
(339, 22, '238/PSE', 'PRESIDENCIA', NULL, NULL, NULL, NULL, NULL, NULL, NULL, NULL),
(340, 22, '252/CLS', 'PRIMERA DIVISIÓN DE EJÉRCITO \"SHYRIS\" (C.L 72 \"SHYRIS\")', NULL, NULL, NULL, NULL, NULL, NULL, NULL, NULL),
(341, 22, '245/CAS', 'PRIMERA DIVISIÓN DE EJÉRCITO \"SHYRIS\" (BODEGA CONTROL DE ARMAS)', NULL, NULL, NULL, NULL, NULL, NULL, NULL, NULL),
(342, 22, '169/CEW', 'REPETIDOR MONJAS    ', NULL, NULL, NULL, NULL, NULL, NULL, NULL, NULL),
(343, 22, '012/AGE', 'ACADEMIA DE GUERRA DEL EJÉRCITO (AGE)', NULL, NULL, NULL, NULL, NULL, NULL, NULL, NULL),
(344, 22, '011/APQ', 'BASE AEREA MARISCAL SUCRE (BAMAS)', NULL, NULL, NULL, NULL, NULL, NULL, NULL, NULL),
(345, 22, '201/GTA', 'BASE AEREA MARISCAL SUCRE (BAMAS-GTAE-ALA-11)', NULL, NULL, NULL, NULL, NULL, NULL, NULL, NULL),
(346, 22, '137/BAB', 'FUERTE MILITAR \"ECUADOR\"  MOTORES ', NULL, NULL, NULL, NULL, NULL, NULL, NULL, NULL),
(347, 22, '137/BAB', 'FUERTE MILITAR \"ECUADOR\"  BODEGA -CHILLOS', NULL, NULL, NULL, NULL, NULL, NULL, NULL, NULL),
(348, 22, '023/GAQ', 'FUERTE MILITAR \"EL PINTADO\" ( COLOG 25 \"REINO DE QUITO\")', NULL, NULL, NULL, NULL, NULL, NULL, NULL, NULL),
(349, 22, '016/SQI', 'INSTITUTO NACIONAL DE DEFENSA (INADE)', NULL, NULL, NULL, NULL, NULL, NULL, NULL, NULL),
(350, 22, '035/CCO', 'REPETIDOR CRUZ LOMA ', NULL, NULL, NULL, NULL, NULL, NULL, NULL, NULL),
(351, 22, '220/MIR', 'REPETIDOR MIRAVALLE ', NULL, NULL, NULL, NULL, NULL, NULL, NULL, NULL),
(352, 23, '036/CIG', 'REPETIDOR IGUALATA ', NULL, NULL, NULL, NULL, NULL, NULL, NULL, NULL),
(353, 23, '370/PIL', 'REPETIDOR PILISURCO', NULL, NULL, NULL, NULL, NULL, NULL, NULL, NULL),
(354, 23, '014/ABO', 'ESCUELA DE FORMACION DE SOLDADOS DE LA FUERZA TERRESTRE (ESFORSE)', NULL, NULL, NULL, NULL, NULL, NULL, NULL, NULL),
(355, 23, '178/CID', 'CENTRO DE INVESTIGACIÓN Y DESARROLLO DE LA FAE (CIDFAE)', NULL, NULL, NULL, NULL, NULL, NULL, NULL, NULL),
(356, 23, '370/PIL', 'REPETIDOR PILISURCO', NULL, NULL, NULL, NULL, NULL, NULL, NULL, NULL),
(357, 23, '178/CID', 'CENTRO DE INVESTIGACIÓN Y DESARROLLO DE LA FAE (CIDFAE)', NULL, NULL, NULL, NULL, NULL, NULL, NULL, NULL),
(358, 24, '017/SLO', 'BATALLÓN DE INFANTERÍA DE MARINA N° 11 \"SAN LORENZO\" (BIMLOR)', NULL, NULL, NULL, NULL, NULL, NULL, NULL, NULL),
(359, 24, '027/ESN', 'COMANDO DE OPERACIONES NAVALES NORTE (COOPNO)', NULL, NULL, NULL, NULL, NULL, NULL, NULL, NULL),
(360, 24, '110/DMJ', 'DESTACAMENTO MATAJE', NULL, NULL, NULL, NULL, NULL, NULL, NULL, NULL),
(361, 24, '322/DEH', 'ESCUADRÓN \"MIRLO\"', NULL, NULL, NULL, NULL, NULL, NULL, NULL, NULL),
(362, 24, '168/DSA', 'DESTACAMENTO SELVA ALEGRE (DESEA)', NULL, NULL, NULL, NULL, NULL, NULL, NULL, NULL),
(363, 24, 'SN', 'ESCUADRÓN \"MIRLO\"', NULL, NULL, NULL, NULL, NULL, NULL, NULL, NULL),
(364, 24, '138/ESB', 'BATALLÓN DE INFANTERÍA DE MARINA N° 12 \"ESMERALDAS\" (BIMES)', NULL, NULL, NULL, NULL, NULL, NULL, NULL, NULL),
(365, 24, '240/HNE', 'HOSPITAL NAVAL ESMERALDAS (HOSNAE)', NULL, NULL, NULL, NULL, NULL, NULL, NULL, NULL),
(366, 24, '018/ESM', 'REPETIDOR ZAPALLO ', NULL, NULL, NULL, NULL, NULL, NULL, NULL, NULL),
(367, 25, '015/RBB', 'FUERTE MILITAR \"TAPI\" (11 B.C.B \"GALÁPAGOS\") ', NULL, NULL, NULL, NULL, NULL, NULL, NULL, NULL),
(368, 25, '371/LMY', 'REPETIDOR LOMA AYALA', NULL, NULL, NULL, NULL, NULL, NULL, NULL, NULL),
(369, 25, '015/RBB', 'FUERTE MILITAR \"TAPI\" (11 B.C.B \"GALÁPAGOS\")  (APAGADO POR WIMAX)', NULL, NULL, NULL, NULL, NULL, NULL, NULL, NULL),
(370, 25, '101/CHO', 'REPETIDOR TABLÓN   ', NULL, NULL, NULL, NULL, NULL, NULL, NULL, NULL),
(371, 26, '369/DTY', 'AGENCIA DE MONITOREO \"TULCÁN\"', NULL, NULL, NULL, NULL, NULL, NULL, NULL, NULL),
(372, 26, '020/TCN', 'BRIGADA DE INFANTERÍA N° 31 \"ANDES\" (31 B.I)', NULL, NULL, NULL, NULL, NULL, NULL, NULL, NULL),
(373, 26, '118/DCH', 'DESTACAMENTO MILITAR \"CHICAL\"', NULL, NULL, NULL, NULL, NULL, NULL, NULL, NULL),
(374, 26, '125/DMO', 'DESTACAMENTO MILITAR \"SLDO. FREDY SANTANDER\" (MALDONADO)', NULL, NULL, NULL, NULL, NULL, NULL, NULL, NULL),
(375, 26, '099/CON', 'REPETIDOR CERRO NEGRO', NULL, NULL, NULL, NULL, NULL, NULL, NULL, NULL),
(376, 26, '021/TYA', 'REPETIDOR LAS CUEVAS', NULL, NULL, NULL, NULL, NULL, NULL, NULL, NULL),
(377, 26, '118/DCH', 'DESTACAMENTO MILITAR \"CHICAL\"', NULL, NULL, NULL, NULL, NULL, NULL, NULL, NULL),
(378, 26, '109/DTD', 'DESTACAMENTO MILITAR \"TOBAR DONOSO\"', NULL, NULL, NULL, NULL, NULL, NULL, NULL, NULL),
(379, 26, '098/DTF', 'DESTACAMENTO MILITAR \"TUFIÑO\"', NULL, NULL, NULL, NULL, NULL, NULL, NULL, NULL),
(380, 27, '029/DGO', 'BATALLÓN DE INGENIEROS DEL EJÉRCITO N° 67 \"MONTÚFAR\" (B.E.E 67)', NULL, NULL, NULL, NULL, NULL, NULL, NULL, NULL),
(381, 27, '351/RIN', 'REPETIDOR LA INDEPENDENCIA', NULL, NULL, NULL, NULL, NULL, NULL, NULL, NULL),
(382, 27, '031/DGR', 'REPETIDOR BOMBOLÍ ', NULL, NULL, NULL, NULL, NULL, NULL, NULL, NULL),
(383, 28, '184/CCS', 'CENTRO CONJUNTO DE SANIDAD NORTE (CCSN)', NULL, NULL, NULL, NULL, NULL, NULL, NULL, NULL),
(384, 28, '025/IBA', 'GRUPO DE CABALLERÍA MECANIZADA N° 36 \"YAGUACHI\" (G.C.M 36 \"YAGUACHI\") ', NULL, NULL, NULL, NULL, NULL, NULL, NULL, NULL),
(385, 28, '171/DLA', 'DESTACAMENTO MILITAR \"SLDO. DOMINGO YEPEZ\" (LITA)', NULL, NULL, NULL, NULL, NULL, NULL, NULL, NULL),
(386, 28, '180/CO1', 'CUARTA DIVISIÓN DE EJÉRCITO \"AMAZONAS\" (CO1)', NULL, NULL, NULL, NULL, NULL, NULL, NULL, NULL),
(387, 28, '024/CCT', 'REPETIDOR COTACACHI ', NULL, NULL, NULL, NULL, NULL, NULL, NULL, NULL),
(388, 28, 'SN', 'ESTACIÓN MÓVIL LAGO YAGUARCOCHA', NULL, NULL, NULL, NULL, NULL, NULL, NULL, NULL),
(389, 28, '184/CCS', 'CENTRO CONJUNTO DE SANIDAD NORTE (CCSN)', NULL, NULL, NULL, NULL, NULL, NULL, NULL, NULL),
(390, 28, '024/CCT', 'REPETIDOR COTACACHI ', NULL, NULL, NULL, NULL, NULL, NULL, NULL, NULL),
(391, 29, '157/AMB', 'AGENCIA DE MONITOREO \"BALTRA\"', NULL, NULL, NULL, NULL, NULL, NULL, NULL, NULL),
(392, 29, '157/AMB', 'CENTRO DE MANTENIMIENTO ELECTRONICO GALAPGOS (CAE GLA)', NULL, NULL, NULL, NULL, NULL, NULL, NULL, NULL),
(393, 29, '142/GAB', 'BASE AEREA GALÁPAGOS (BAGAL)', NULL, NULL, NULL, NULL, NULL, NULL, NULL, NULL),
(394, 29, '002/CPA', 'CAPITANÍA DE PUERTO AYORA (CAPAYO)', NULL, NULL, NULL, NULL, NULL, NULL, NULL, NULL),
(395, 29, '001/CCT', 'DIRECCIÓN REGIONAL INSULAR (DIRGIN)', NULL, NULL, NULL, NULL, NULL, NULL, NULL, NULL),
(396, 29, '015/RBB', 'GALAP.IGM', NULL, NULL, NULL, NULL, NULL, NULL, NULL, NULL),
(397, 30, '398/TCC', 'BATALLÓN DE SELVA N° 57 \"MONTECRISTI\" (B.S 57 \"MONTECRISTI\")', NULL, NULL, NULL, NULL, NULL, NULL, NULL, NULL),
(398, 30, '159/TMC', 'TIPUTINI IGM', NULL, NULL, NULL, NULL, NULL, NULL, NULL, NULL),
(399, 31, '173/AMP', 'AGENCIA DE MONITOREO \"PATUCA\"', NULL, NULL, NULL, NULL, NULL, NULL, NULL, NULL),
(400, 31, '088/SNA', 'TAISHA IGM', NULL, NULL, NULL, NULL, NULL, NULL, NULL, NULL),
(401, 32, '095/LNQ', 'PALANDA IGM', NULL, NULL, NULL, NULL, NULL, NULL, NULL, NULL);

-- --------------------------------------------------------

--
-- Estructura de tabla para la tabla `estado_civil`
--

CREATE TABLE `estado_civil` (
  `id` int(11) NOT NULL,
  `nombre` varchar(45) DEFAULT NULL,
  `cci` int(11) DEFAULT NULL,
  `ccd` datetime DEFAULT NULL,
  `cwi` int(11) DEFAULT NULL,
  `cwd` datetime DEFAULT NULL
) ENGINE=InnoDB DEFAULT CHARSET=utf8 ROW_FORMAT=DYNAMIC;

--
-- Volcado de datos para la tabla `estado_civil`
--

INSERT INTO `estado_civil` (`id`, `nombre`, `cci`, `ccd`, `cwi`, `cwd`) VALUES
(1, 'SOLTERO(A)', NULL, NULL, NULL, NULL),
(2, 'CASADO(A)', 1, '2019-03-09 16:50:28', NULL, NULL),
(3, 'DIVORCIADO(A)', 1, '2019-03-09 16:50:43', NULL, NULL),
(4, 'VIUDO(A)', 1, '2019-03-09 16:50:55', NULL, NULL),
(5, 'UNION LIBRE', 1, '2019-03-19 19:12:16', NULL, NULL);

-- --------------------------------------------------------

--
-- Estructura de tabla para la tabla `fuerza`
--

CREATE TABLE `fuerza` (
  `id` int(11) NOT NULL,
  `tipo_fuerza_id` int(11) NOT NULL,
  `orden` int(11) DEFAULT NULL,
  `nombre` varchar(255) DEFAULT NULL,
  `logo` varchar(45) DEFAULT NULL,
  `cci` int(11) DEFAULT NULL,
  `ccd` datetime DEFAULT NULL,
  `cwi` int(11) DEFAULT NULL,
  `cwd` datetime DEFAULT NULL
) ENGINE=InnoDB DEFAULT CHARSET=utf8 ROW_FORMAT=DYNAMIC;

--
-- Volcado de datos para la tabla `fuerza`
--

INSERT INTO `fuerza` (`id`, `tipo_fuerza_id`, `orden`, `nombre`, `logo`, `cci`, `ccd`, `cwi`, `cwd`) VALUES
(1, 1, 1, 'TERRESTRE', '11.jpg', NULL, NULL, 1, '2019-03-24 11:50:06'),
(3, 1, 2, ' AÉREA', '32.jpg', 1, '2019-03-05 10:51:49', 1, '2019-03-24 11:50:48'),
(4, 1, 3, 'NAVAL', '4.jpg', 1, '2019-03-09 15:16:17', 1, '2019-03-24 11:49:12'),
(5, 2, 1, 'SERVIDOR PÚBLICO', '', 1, '2019-04-11 07:50:15', NULL, NULL);

-- --------------------------------------------------------

--
-- Estructura de tabla para la tabla `funcion`
--

CREATE TABLE `funcion` (
  `id` int(11) NOT NULL,
  `nombre` varchar(100) DEFAULT NULL,
  `cci` int(11) DEFAULT NULL,
  `ccd` datetime DEFAULT NULL,
  `cwi` int(11) DEFAULT NULL,
  `cwd` datetime DEFAULT NULL
) ENGINE=InnoDB DEFAULT CHARSET=utf8 ROW_FORMAT=DYNAMIC;

--
-- Volcado de datos para la tabla `funcion`
--

INSERT INTO `funcion` (`id`, `nombre`, `cci`, `ccd`, `cwi`, `cwd`) VALUES
(2, 'TÉCNICO SISTEMA DE CONMUTACIÓN', 1, '2019-03-11 10:06:24', 1, '2019-03-22 16:15:25'),
(3, 'TÉCNICO RED DE DATOS', 1, '2019-03-18 08:25:30', 1, '2019-03-22 16:12:48'),
(4, 'TÉCNICO EN SISTEMA MULTIACCESO Y WIMAX', 1, '2019-03-18 08:26:38', 1, '2019-03-18 09:50:56'),
(5, 'TÉCNICO EN SISTEMA SATELITAL', 1, '2019-03-18 08:27:06', NULL, NULL),
(6, 'SUPERVISOR DEL SISTEMA DATOS', 1, '2019-03-18 19:27:10', NULL, NULL),
(7, 'COMANDANTE', 1, '2019-03-22 15:58:59', NULL, NULL),
(8, 'JEFE DEL DPTO. INFORMÁTICO', 1, '2019-03-22 15:59:12', NULL, NULL),
(9, 'JEFE DPTO. COMUNICACIONES ', 1, '2019-03-22 15:59:35', NULL, NULL),
(10, 'JEFE CAE-QUITO', 1, '2019-03-22 15:59:56', NULL, NULL),
(11, 'JEFE DEL DPTO. ADMINISTRATIVO', 1, '2019-03-22 16:01:01', NULL, NULL),
(12, 'SUPERVISOR DE SERVICIOS', 1, '2019-03-22 16:01:34', NULL, NULL),
(13, 'SUPERVISOR DE APOYO', 1, '2019-03-22 16:01:55', NULL, NULL),
(14, 'SUPERVISOR ADMINISTRATIVO', 1, '2019-03-22 16:02:11', NULL, NULL),
(15, 'SUPERVISOR', 1, '2019-03-22 16:02:44', NULL, NULL),
(16, 'TÉCNICO EN MANTENIMIENTO', 1, '2019-03-22 16:03:55', NULL, NULL),
(17, 'DESARROLLO', 1, '2019-03-22 16:04:34', NULL, NULL),
(18, 'SUPERVISOR CONTROLES', 1, '2019-03-22 16:04:49', NULL, NULL),
(19, 'TELECOMUNICANTE C.T.C.', 1, '2019-03-22 16:05:24', NULL, NULL),
(20, 'TÉCNICO INFORMÁTICO  ', 1, '2019-03-22 16:06:10', NULL, NULL),
(22, 'TÉCNICO SATELITAL', 1, '2019-03-22 16:07:34', NULL, NULL),
(23, 'TÉCNICO PDH-SDH', 1, '2019-03-22 16:13:36', NULL, NULL),
(24, 'TÉCNICO EN MOTORES', 1, '2019-03-22 16:14:20', NULL, NULL),
(25, 'TÉCNICO MULTIACCESO', 1, '2019-03-22 16:14:53', NULL, NULL),
(26, 'TÉCNICO RADIOENLACE', 1, '2019-03-22 16:16:00', NULL, NULL),
(27, 'TÉCNICO ENERGÍA', 1, '2019-03-22 16:16:22', NULL, NULL),
(28, 'CONDUCTOR', 1, '2019-03-22 16:17:46', NULL, NULL),
(29, 'TÉCNICO  RADIOENLACE - IP', 3, '2019-03-28 20:09:55', NULL, NULL),
(30, 'PRESUPUESTO', 3, '2019-04-29 19:42:03', NULL, NULL),
(31, 'SUPERVISOR CAE \"GUAYAQUIL\"', 3, '2019-04-29 19:49:40', NULL, NULL),
(32, 'SUPERVISOR CAE \"MACHALA\"', 3, '2019-04-29 19:49:53', NULL, NULL),
(33, 'SUPERVISOR CAE \"PASTAZA\"', 3, '2019-04-29 19:50:07', NULL, NULL),
(34, 'SUPERVISOR CAE \"COCA\"', 3, '2019-04-29 19:50:19', NULL, NULL),
(35, 'SUPERVISOR CAE \"CUENCA\"', 3, '2019-04-29 19:50:31', NULL, NULL),
(36, 'SUPERVISOR CAE \"LOJA\"', 3, '2019-04-29 19:50:46', NULL, NULL),
(37, 'JEFE CAE-GALAPAGOS', 3, '2019-10-31 13:45:25', NULL, NULL),
(38, 'SUPERVISOR CAE \"GALAPAGOS\"', 3, '2019-10-31 13:52:10', NULL, NULL);

-- --------------------------------------------------------

--
-- Estructura de tabla para la tabla `grado`
--

CREATE TABLE `grado` (
  `id` int(11) NOT NULL,
  `fuerza_id` int(11) NOT NULL,
  `orden` int(11) DEFAULT NULL,
  `nombre` varchar(100) DEFAULT NULL,
  `abreviatura` varchar(45) DEFAULT NULL,
  `cci` int(11) DEFAULT NULL,
  `ccd` datetime DEFAULT NULL,
  `cwi` int(11) DEFAULT NULL,
  `cwd` datetime DEFAULT NULL
) ENGINE=InnoDB DEFAULT CHARSET=utf8 ROW_FORMAT=DYNAMIC;

--
-- Volcado de datos para la tabla `grado`
--

INSERT INTO `grado` (`id`, `fuerza_id`, `orden`, `nombre`, `abreviatura`, `cci`, `ccd`, `cwi`, `cwd`) VALUES
(2, 3, 1, 'CORONEL', 'CRNL.', NULL, '2019-03-05 11:33:52', 1, '2019-03-09 16:26:36'),
(3, 1, 1, 'CORONEL', 'CRNL.', 1, '2019-03-09 15:37:52', NULL, NULL),
(4, 1, 2, 'TENIENTE CORONEL', 'TCRN.', 1, '2019-03-09 15:38:34', 1, '2019-03-09 15:39:07'),
(7, 1, 3, 'MAYOR', 'MAYO.', 1, '2019-03-09 15:39:34', NULL, NULL),
(10, 1, 4, 'CAPITÁN', 'CAPT.', 1, '2019-03-09 15:41:54', NULL, NULL),
(11, 1, 5, 'TENIENTE', 'TNTE.', 1, '2019-03-09 15:42:21', NULL, NULL),
(12, 1, 6, 'SUBTENIENTE', 'SUBT.', 1, '2019-03-09 15:42:44', NULL, NULL),
(13, 1, 7, 'SUBOFICIAL MAYOR', 'SUBM.', 1, '2019-03-09 15:44:15', 1, '2019-03-09 16:21:21'),
(14, 1, 8, 'SUBOFICIAL PRIMERO', 'SUBP.', 1, '2019-03-09 15:44:48', 1, '2019-03-09 16:22:24'),
(15, 1, 9, 'SUBOFICIAL SEGUNDO', 'SUBS.', 1, '2019-03-09 16:20:17', 1, '2019-03-09 16:22:32'),
(16, 1, 10, 'SARGENTO PRIMERO', 'SGOP.', 1, '2019-03-09 16:23:05', NULL, NULL),
(17, 1, 11, 'SARGENTO SEGUNDO', 'SGOS.', 1, '2019-03-09 16:23:43', NULL, NULL),
(18, 1, 12, 'CABO PRIMERO', 'CBOP.', 1, '2019-03-09 16:24:15', 1, '2019-03-24 11:43:55'),
(19, 1, 13, 'CABO SEGUNDO', 'CBOS.', 1, '2019-03-09 16:24:50', 1, '2019-03-24 11:44:06'),
(20, 1, 14, 'SOLDADO', 'SLDO.', 1, '2019-03-09 16:25:46', 1, '2019-03-24 11:44:16'),
(21, 3, 2, 'TENIENTE CORONEL', 'TCRN.', 1, '2019-03-09 16:26:56', NULL, NULL),
(22, 3, 3, 'MAYOR', 'MAYO.', 1, '2019-03-09 16:27:16', NULL, NULL),
(23, 3, 4, 'CAPITAN', 'CAPT.', 1, '2019-03-09 16:27:58', NULL, NULL),
(24, 3, 5, 'TENIENTE', 'TNTE.', 1, '2019-03-09 16:28:45', NULL, NULL),
(25, 3, 6, 'SUBTENIENTE', 'SUBT.', 1, '2019-03-09 16:29:43', NULL, NULL),
(26, 3, 7, 'SUBOFICIAL MAYOR', 'SUBM.', 1, '2019-03-09 16:31:18', NULL, NULL),
(27, 3, 8, 'SUBOFICIAL PRIMERO', 'SUBP.', 1, '2019-03-09 16:32:19', 1, '2019-03-24 11:33:40'),
(28, 3, 9, 'SUBOFICIAL SEGUNDO', 'SUBS.', 1, '2019-03-09 16:32:47', 1, '2019-03-24 11:33:57'),
(29, 3, 10, 'SARGENTO PRIMERO', 'SGOP.', 1, '2019-03-09 16:34:21', 1, '2019-03-24 11:29:24'),
(30, 3, 11, 'SARGENTO SEGUNDO', 'SGOS.', 1, '2019-03-09 16:34:46', 1, '2019-03-24 11:29:57'),
(31, 3, 12, 'CABO PRIMERO', 'CBOP.', 1, '2019-03-09 16:35:13', 1, '2019-03-24 11:30:26'),
(32, 3, 13, 'CABO SEGUNDO', 'CBOS.', 1, '2019-03-09 16:35:38', 1, '2019-03-24 11:30:54'),
(33, 4, 1, 'CAPITÁN DE NAVÍO', 'CAPT.', 1, '2019-03-19 18:54:05', 1, '2019-03-24 12:01:40'),
(34, 4, 2, 'CAPITÁN DE FRAGATA', 'CAPT.', 1, '2019-03-19 18:55:29', 1, '2019-03-24 12:02:29'),
(35, 4, 3, 'CAPITÁN DE CORBETA', 'CAPT.', 1, '2019-03-19 18:56:25', 1, '2019-03-24 12:02:45'),
(36, 4, 4, 'TENIENTE DE NAVÍO', 'TNTE.', 1, '2019-03-19 18:58:04', 1, '2019-03-24 12:03:31'),
(37, 4, 5, 'TENIENTE DE FRAGATA', 'TNTE.', 1, '2019-03-19 18:58:29', 1, '2019-03-24 12:03:57'),
(38, 4, 6, 'ALFÉREZ DE FRAGATA', 'SUBT.', 1, '2019-03-19 18:59:19', 1, '2019-03-24 12:04:37'),
(39, 4, 7, 'SUBOFICIAL MAYOR', 'SUBM.', 1, '2019-03-19 19:00:22', 1, '2019-03-24 12:05:22'),
(40, 4, 8, 'SUBOFICIAL PRIMERO', 'SUBP.', 1, '2019-03-19 19:00:43', 1, '2019-03-24 12:05:41'),
(41, 4, 9, 'SUBOFICIAL SEGUNDO', 'SUBS.', 1, '2019-03-19 19:01:12', 1, '2019-03-24 12:05:58'),
(42, 4, 10, 'SARGENTO PRIMERO', 'SGOP.', 1, '2019-03-19 19:01:27', 1, '2019-03-24 12:06:17'),
(43, 4, 12, 'CABO PRIMERO', 'CBOP.', 1, '2019-03-19 19:01:45', 1, '2019-03-24 12:07:10'),
(44, 4, 13, 'CABO SEGUNDO', 'CBOS.', 1, '2019-03-19 19:01:58', 1, '2019-03-24 12:07:23'),
(45, 4, 14, 'MARINERO', 'MARO.', 1, '2019-03-19 19:02:13', 1, '2019-03-24 12:07:54'),
(46, 3, 14, 'SOLDADO', 'SLDO.', 1, '2019-03-24 11:31:16', NULL, NULL),
(47, 4, 11, 'SARGENTO SEGUNDO', 'SGOS.', 1, '2019-03-24 12:06:49', NULL, NULL),
(48, 5, 1, 'SERVIDOR PÚBLICO', 'SP', 1, '2019-04-11 07:50:33', NULL, NULL);

-- --------------------------------------------------------

--
-- Estructura de tabla para la tabla `menu`
--

CREATE TABLE `menu` (
  `id` int(11) NOT NULL,
  `categoria_menu_id` int(11) NOT NULL,
  `nombre` varchar(50) DEFAULT NULL,
  `codigo` varchar(45) DEFAULT NULL,
  `icono` varchar(255) DEFAULT NULL,
  `ruta` varchar(255) DEFAULT NULL
) ENGINE=InnoDB DEFAULT CHARSET=utf8 ROW_FORMAT=DYNAMIC;

--
-- Volcado de datos para la tabla `menu`
--

INSERT INTO `menu` (`id`, `categoria_menu_id`, `nombre`, `codigo`, `icono`, `ruta`) VALUES
(1, 3, 'Menús', 'menus', '<i class=\"fas fa-circle-notch\"></i>', 'CategoriasMenus/index'),
(3, 2, 'Personal', 'personal', '<i class=\"fas fa-circle-notch\"></i>', 'Personales/index'),
(5, 1, 'CAE', 'cae', '<i class=\"fas fa-circle-notch\"></i>', 'Caes/index'),
(9, 4, 'Parte Diario', 'parteDiario', '<i class=\"fas fa-circle-notch\"></i>', 'Partes/index'),
(11, 1, 'Secciones', 'secciones', '<i class=\"fas fa-circle-notch\"></i>', 'Secciones/index'),
(12, 1, 'Tipo de Mantenimiento', 'tipoDeMantenimiento', '<i class=\"fas fa-circle-notch\"></i>', 'TiposMantenimientos/index'),
(14, 4, 'Autorizar Comisión', 'autorizarComision', '<i class=\"fas fa-circle-notch\"></i>', 'Comisiones/autorizacionComisiones'),
(15, 2, 'Fuerza', 'fuerza', '<i class=\"fas fa-circle-notch\"></i>', 'Fuerzas/index'),
(16, 2, 'Estado Civiles', 'estadoCiviles', '<i class=\"fas fa-circle-notch\"></i>', 'EstadosCiviles/index'),
(17, 11, 'Perfiles', 'perfiles', '<i class=\"fas fa-circle-notch\"></i>', 'Perfiles/index'),
(18, 11, 'Funciones', 'funciones', '<i class=\"fas fa-circle-notch\"></i>', 'Funciones/index'),
(19, 11, 'Institución', 'institucion', '<i class=\"fas fa-circle-notch\"></i>', 'Unidades/formulario'),
(21, 4, 'Autorizar Partes', 'autorizarPartes', '<i class=\"fas fa-circle-notch\"></i>', 'Partes/partesPendientes'),
(22, 4, 'Orden de trabajo', 'ordenDeTrabajo', '<i class=\"fas fa-circle-notch\"></i>', 'Partes/ordenTrabajo');

-- --------------------------------------------------------

--
-- Estructura de tabla para la tabla `parte`
--

CREATE TABLE `parte` (
  `id` int(11) NOT NULL,
  `cae_id` int(11) NOT NULL,
  `numero` varchar(45) DEFAULT NULL,
  `fecha` date DEFAULT NULL,
  `tiene_novedad` enum('NO','SI') DEFAULT 'NO',
  `estado` enum('G','E','A') DEFAULT 'G',
  `cci` int(11) DEFAULT NULL,
  `ccd` datetime DEFAULT NULL,
  `cwi` int(11) DEFAULT NULL,
  `cwd` datetime DEFAULT NULL
) ENGINE=InnoDB DEFAULT CHARSET=utf8;

--
-- Volcado de datos para la tabla `parte`
--

INSERT INTO `parte` (`id`, `cae_id`, `numero`, `fecha`, `tiene_novedad`, `estado`, `cci`, `ccd`, `cwi`, `cwd`) VALUES
(23, 3, NULL, '2019-07-28', 'SI', 'A', 3, '2019-07-28 08:36:25', 9, '2019-07-28 09:55:11'),
(24, 1, NULL, '2019-07-28', 'SI', 'G', 9, '2019-07-28 09:34:34', 3, '2019-07-28 09:36:19'),
(25, 3, NULL, '2019-07-29', 'SI', 'A', 10, '2019-07-28 09:46:45', 10, '2019-07-29 09:53:00'),
(26, 3, NULL, '2019-07-30', 'SI', 'G', 10, '2019-07-29 09:53:58', NULL, NULL),
(27, 1, NULL, '2019-09-10', 'SI', 'G', 3, '2019-09-10 20:27:59', 3, '2019-09-10 20:28:21'),
(28, 3, NULL, '2019-09-28', 'SI', 'A', 3, '2019-09-27 08:21:13', 3, '2019-09-27 09:56:05'),
(29, 3, NULL, '2019-09-27', 'SI', 'E', 3, '2019-09-27 08:23:10', 3, '2019-09-27 09:39:33'),
(30, 1, NULL, '2019-09-27', 'SI', 'G', 3, '2019-09-27 09:54:38', NULL, NULL),
(31, 1, NULL, '2019-09-28', 'SI', 'G', 3, '2019-09-27 09:56:34', 3, '2019-09-27 09:56:43'),
(32, 1, NULL, '2019-09-29', 'NO', 'E', 3, '2019-09-27 10:01:03', 3, '2019-09-27 10:01:11'),
(33, 2, NULL, '2019-09-27', 'NO', 'G', 3, '2019-09-27 10:02:08', NULL, NULL),
(34, 3, NULL, '2019-09-29', 'SI', 'A', 3, '2019-09-27 10:03:43', 2, '2019-09-27 10:12:57'),
(35, 3, NULL, '2019-09-30', 'SI', 'G', 3, '2019-09-27 10:14:33', NULL, NULL),
(36, 3, NULL, '2019-10-02', 'SI', 'G', 3, '2019-10-02 15:04:26', NULL, NULL),
(37, 3, NULL, '2019-10-16', 'SI', 'A', 3, '2019-10-15 12:53:39', 3, '2019-10-15 12:54:47'),
(38, 3, NULL, '2019-09-23', 'SI', 'A', 3, '2019-10-22 10:01:17', 3, '2019-10-22 10:02:59'),
(39, 1, NULL, '2019-10-22', 'SI', 'G', 3, '2019-10-22 11:38:37', 3, '2019-10-22 11:38:49'),
(40, 3, NULL, '2019-10-23', 'SI', 'G', 3, '2019-10-23 10:10:28', 3, '2019-10-23 10:11:32'),
(41, 1, NULL, '2019-10-24', 'SI', 'G', 2, '2019-10-24 12:32:34', 2, '2019-10-24 21:46:08'),
(42, 3, NULL, '2019-10-30', 'SI', 'A', 2, '2019-10-30 13:34:07', 6, '2019-10-31 14:27:16'),
(43, 1, NULL, '2019-10-31', 'SI', 'G', 12, '2019-10-31 13:13:16', NULL, NULL),
(44, 3, NULL, '2019-10-31', 'SI', 'E', 12, '2019-10-31 13:16:07', 7, '2019-10-31 14:33:29'),
(45, 3, NULL, '2019-11-05', NULL, 'E', 6, '2019-11-05 20:53:38', 6, '2019-11-07 16:40:20'),
(46, 3, NULL, '2019-11-06', NULL, 'A', 6, '2019-11-06 10:38:01', 7, '2019-11-06 11:45:58'),
(47, 3, NULL, '2019-11-07', NULL, 'E', 7, '2019-11-06 10:42:06', 6, '2019-11-07 16:40:10'),
(48, 1, NULL, '2019-11-06', NULL, 'E', 3, '2019-11-07 16:40:56', 3, '2019-11-07 16:41:03'),
(49, 1, NULL, '2019-11-07', NULL, 'G', 3, '2019-11-07 17:55:55', NULL, NULL),
(50, 3, NULL, '2019-10-27', NULL, 'G', 3, '2019-11-07 22:22:32', NULL, NULL),
(51, 3, NULL, '2019-11-08', NULL, 'G', 6, '2019-11-08 12:48:56', NULL, NULL),
(52, 3, NULL, '2019-11-10', 'SI', 'A', 6, '2019-11-10 00:39:09', 6, '2019-11-10 07:22:23'),
(53, 1, NULL, '2019-11-10', 'SI', 'E', 3, '2019-11-10 07:23:54', 3, '2019-11-10 07:26:47'),
(54, 3, NULL, '2019-11-11', 'SI', 'A', 6, '2019-11-11 07:30:31', 3, '2019-11-12 11:53:00'),
(55, 3, NULL, '2019-11-12', 'SI', 'E', 3, '2019-11-11 20:03:17', 6, '2019-11-12 21:19:12'),
(56, 1, NULL, '2019-11-11', 'SI', 'E', 3, '2019-11-11 20:23:19', 3, '2019-11-11 20:23:29'),
(57, 4, NULL, '2019-11-13', 'SI', 'G', 3, '2019-11-12 18:37:56', NULL, NULL),
(58, 1, NULL, '2019-11-12', 'SI', 'G', 3, '2019-11-12 22:50:12', NULL, NULL),
(59, 3, NULL, '2019-11-16', 'SI', 'E', 3, '2019-11-16 11:00:44', 3, '2019-11-16 11:01:02'),
(60, 3, NULL, '2019-11-19', 'SI', 'A', 6, '2019-11-19 14:23:25', 3, '2019-11-28 14:56:33'),
(61, 3, NULL, '2019-11-26', 'SI', 'G', 3, '2019-11-26 17:55:58', NULL, NULL),
(62, 4, NULL, '2019-11-27', 'SI', 'G', 3, '2019-11-26 17:56:29', NULL, NULL),
(63, 3, NULL, '2019-11-27', 'SI', 'G', 3, '2019-11-26 17:57:07', NULL, NULL),
(64, 3, NULL, '2019-11-28', 'SI', 'A', 6, '2019-11-28 12:41:55', 8, '2019-12-02 11:32:48'),
(65, 6, NULL, '2019-11-28', 'SI', 'G', 3, '2019-11-28 14:57:01', NULL, NULL),
(66, 3, NULL, '2019-12-01', 'SI', 'G', 6, '2019-12-01 13:10:16', NULL, NULL),
(67, 3, NULL, '2019-12-02', 'SI', 'A', 3, '2019-12-02 08:38:38', 6, '2019-12-02 17:05:50'),
(68, 2, NULL, '2019-12-25', 'SI', 'G', 3, '2019-12-02 10:31:29', NULL, NULL),
(69, 3, NULL, '2019-12-03', 'SI', 'A', 6, '2019-12-03 00:04:34', 8, '2019-12-03 13:34:07'),
(70, 3, NULL, '2019-12-05', 'SI', 'G', 3, '2019-12-05 17:39:02', 6, '2019-12-05 17:56:31'),
(71, 8, NULL, '2019-12-05', 'SI', 'G', 8, '2019-12-05 18:06:09', NULL, NULL),
(72, 3, NULL, '2019-12-11', 'SI', 'A', 6, '2019-12-11 13:13:08', 8, '2019-12-17 13:04:46'),
(73, 3, NULL, '2019-12-12', 'SI', 'G', 6, '2019-12-12 10:54:55', NULL, NULL),
(74, 3, NULL, '2019-12-17', 'SI', 'A', 6, '2019-12-17 13:01:22', 8, '2019-12-17 13:22:48'),
(75, 3, NULL, '2019-12-27', 'SI', 'G', 6, '2019-12-27 11:53:39', NULL, NULL),
(76, 3, NULL, '2019-12-30', 'SI', 'E', 3, '2019-12-30 12:29:03', 6, '2019-12-30 12:36:15'),
(77, 3, NULL, '2019-12-31', 'SI', 'E', 3, '2019-12-30 12:31:13', 3, '2019-12-30 12:31:28'),
(78, 8, NULL, '2019-12-24', 'SI', 'E', 3, '2019-12-30 12:36:37', 3, '2019-12-30 12:36:44');

-- --------------------------------------------------------

--
-- Estructura de tabla para la tabla `pase`
--

CREATE TABLE `pase` (
  `id` int(11) NOT NULL,
  `personal_id` int(11) NOT NULL,
  `cae_id` int(11) NOT NULL,
  `cae_origen_id` int(11) DEFAULT NULL,
  `fecha_presentacion` date DEFAULT NULL,
  `fecha_salida` date DEFAULT NULL,
  `estado` enum('I','A') DEFAULT 'I',
  `cci` int(11) DEFAULT NULL,
  `ccd` datetime DEFAULT NULL,
  `cwi` int(11) DEFAULT NULL,
  `cwd` datetime DEFAULT NULL
) ENGINE=InnoDB DEFAULT CHARSET=utf8 ROW_FORMAT=DYNAMIC;

--
-- Volcado de datos para la tabla `pase`
--

INSERT INTO `pase` (`id`, `personal_id`, `cae_id`, `cae_origen_id`, `fecha_presentacion`, `fecha_salida`, `estado`, `cci`, `ccd`, `cwi`, `cwd`) VALUES
(33, 6, 3, 3, '2019-06-11', '2019-09-27', 'A', 1, '2019-06-11 22:04:47', 3, '2019-09-27 10:09:23'),
(34, 93, 3, 3, '2019-10-31', '2019-10-31', 'A', 1, '2019-06-11 22:20:39', 3, '2019-10-31 14:19:20'),
(36, 9, 3, 3, '2019-07-27', '2019-07-27', 'A', 1, '2019-07-27 09:37:31', NULL, NULL),
(37, 10, 8, 8, '2019-07-27', '2019-07-28', 'A', 1, '2019-07-27 12:05:46', 3, '2019-07-28 09:19:57'),
(38, 72, 3, 1, '2019-07-07', '2019-07-28', 'A', 3, '2019-07-28 09:30:16', 3, '2019-07-28 09:35:26'),
(39, 54, 3, 2, '2019-07-14', '2019-07-28', 'A', 3, '2019-07-28 09:40:41', NULL, NULL),
(40, 94, 3, 3, '2019-10-31', '2019-10-31', 'A', 2, '2019-10-31 13:06:35', NULL, NULL),
(41, 70, 3, 3, '2019-10-31', '2019-10-31', 'A', 2, '2019-10-31 13:10:53', 2, '2019-10-31 13:13:54'),
(42, 3, 8, 3, '2018-07-20', '2019-12-30', 'A', 3, '2019-12-30 13:11:54', NULL, NULL);

-- --------------------------------------------------------

--
-- Estructura de tabla para la tabla `perfil`
--

CREATE TABLE `perfil` (
  `id` int(11) NOT NULL,
  `nombre` varchar(45) DEFAULT NULL,
  `skin` varchar(45) DEFAULT NULL
) ENGINE=InnoDB DEFAULT CHARSET=utf8 ROW_FORMAT=DYNAMIC;

--
-- Volcado de datos para la tabla `perfil`
--

INSERT INTO `perfil` (`id`, `nombre`, `skin`) VALUES
(1, 'SUPERVISOR', 'blue'),
(2, 'COMANDANTE', 'yellow'),
(3, 'GUARDIA', 'red'),
(4, 'JEFE DEPCOM', 'purple'),
(6, 'SUPERVISOR CAE GALAPAGOS', 'green');

-- --------------------------------------------------------

--
-- Estructura de tabla para la tabla `perfil_menu`
--

CREATE TABLE `perfil_menu` (
  `id` int(11) NOT NULL,
  `perfil_id` int(11) NOT NULL,
  `menu_id` int(11) NOT NULL,
  `autorizacion` varchar(45) DEFAULT NULL,
  `escritura` varchar(45) DEFAULT NULL,
  `envio` varchar(45) DEFAULT NULL,
  `solucion` varchar(45) DEFAULT NULL
) ENGINE=InnoDB DEFAULT CHARSET=utf8 ROW_FORMAT=DYNAMIC;

--
-- Volcado de datos para la tabla `perfil_menu`
--

INSERT INTO `perfil_menu` (`id`, `perfil_id`, `menu_id`, `autorizacion`, `escritura`, `envio`, `solucion`) VALUES
(1, 1, 9, '', 'w', 'w', 's'),
(4, 1, 3, NULL, NULL, NULL, NULL),
(7, 2, 9, '', 'w', NULL, NULL),
(8, 2, 3, NULL, 'w', NULL, NULL),
(9, 3, 9, NULL, 'w', '', NULL),
(13, 2, 5, NULL, NULL, '', NULL),
(15, 2, 14, '', 'w', NULL, NULL),
(16, 4, 21, 'a', 'w', 's', NULL),
(20, 2, 11, NULL, NULL, NULL, NULL),
(21, 2, 12, NULL, NULL, NULL, NULL),
(22, 1, 5, NULL, '', NULL, NULL),
(23, 3, 3, NULL, NULL, NULL, NULL),
(24, 3, 15, NULL, NULL, NULL, NULL),
(25, 3, 5, NULL, NULL, NULL, NULL),
(26, 3, 19, NULL, '', NULL, NULL),
(27, 1, 19, NULL, NULL, NULL, NULL),
(28, 1, 15, NULL, NULL, NULL, NULL),
(30, 1, 18, NULL, NULL, NULL, NULL),
(31, 4, 15, NULL, NULL, NULL, NULL),
(32, 4, 3, NULL, NULL, NULL, NULL),
(33, 4, 5, NULL, 'w', NULL, NULL),
(34, 4, 14, 'a', 'w', NULL, NULL),
(35, 4, 19, NULL, '', NULL, NULL);

-- --------------------------------------------------------

--
-- Estructura de tabla para la tabla `personal`
--

CREATE TABLE `personal` (
  `id` int(11) NOT NULL,
  `fuerza_id` int(11) NOT NULL,
  `grado_id` int(11) NOT NULL,
  `estado_civil_id` int(11) NOT NULL,
  `funcion_id` int(11) NOT NULL,
  `arma_id` int(11) NOT NULL,
  `apellido` varchar(100) DEFAULT NULL,
  `nombre` varchar(100) DEFAULT NULL,
  `tipo_identificacion` enum('C','P') DEFAULT 'C',
  `numero_identificacion` varchar(15) DEFAULT NULL,
  `sexo` enum('M','F') DEFAULT 'M',
  `fecha_nacimiento` date DEFAULT NULL,
  `telefono_fijo` varchar(50) DEFAULT NULL,
  `telefono_movil` varchar(50) DEFAULT NULL,
  `email` varchar(100) DEFAULT NULL,
  `tipo_sangre` varchar(5) DEFAULT NULL,
  `foto` varchar(45) DEFAULT NULL,
  `direccion` varchar(255) DEFAULT NULL,
  `cci` int(11) DEFAULT NULL,
  `ccd` datetime DEFAULT NULL,
  `cwi` int(11) DEFAULT NULL,
  `cwd` datetime DEFAULT NULL
) ENGINE=InnoDB DEFAULT CHARSET=utf8 ROW_FORMAT=DYNAMIC;

--
-- Volcado de datos para la tabla `personal`
--

INSERT INTO `personal` (`id`, `fuerza_id`, `grado_id`, `estado_civil_id`, `funcion_id`, `arma_id`, `apellido`, `nombre`, `tipo_identificacion`, `numero_identificacion`, `sexo`, `fecha_nacimiento`, `telefono_fijo`, `telefono_movil`, `email`, `tipo_sangre`, `foto`, `direccion`, `cci`, `ccd`, `cwi`, `cwd`) VALUES
(1, 5, 48, 1, 20, 12, 'QUIMBITA', 'MARCELO', 'C', '0102030405', 'M', '1984-02-02', '', '', 'mail@mail.com', 'O+', '0102030405.jpg', 'LATACUNGA', NULL, NULL, 1, '2019-03-05 16:41:19'),
(2, 1, 19, 2, 2, 0, 'RIVAS IZA ', 'MARCO VINICIO', 'C', '1002970968', 'M', '1988-02-28', '032802-279', '0986013482', 'marcorivas1988@gmail.com', 'O+', '', 'LATACUNGA', 1, '2019-03-09 16:58:16', 1, '2019-03-24 12:41:57'),
(3, 1, 4, 2, 7, 1, 'ENRIQUEZ ALULEMA ', 'ÁNGEL GUSTAVO', 'C', '1802333995', 'M', '1970-11-22', '023454456', '0967123456', 'enriquez@gmail.com', 'B+', '', 'QUITO', 1, '2019-03-10 20:34:19', 3, '2019-04-29 18:21:07'),
(6, 1, 18, 1, 38, 17, 'CUASQUI SANDOVAL', 'CARLOS ALBERTO', 'C', '1721520086', 'M', '1989-04-10', '', '0996235278', 'csandovalcarlosa@gmail.com', 'O+', '1721520086.jpg', 'QUITO/CHECA', 1, '2019-03-19 19:24:40', 3, '2019-10-31 14:10:26'),
(8, 3, 22, 2, 6, 0, 'HERRERA BENITEZ ', 'MANUEL DANILO', 'C', '1711149870', 'M', '1980-03-20', '022345654', '0967123456', 'herrera@gmail.com', 'A+', '', 'QUITO', 1, '2019-03-22 15:56:07', NULL, NULL),
(9, 1, 7, 2, 9, 0, 'ABADIANO RIVERA PAULO CESAR ', 'PAULO CESAR ', 'C', '1002031803', 'M', '1980-12-13', '023345434', '0967123456', 'zapata@gmail.com', 'O+', '', 'QUITO', 1, '2019-03-24 11:05:23', NULL, NULL),
(10, 1, 7, 2, 10, 0, 'MANOSALVAS BARRIGA ', 'HENRY', 'C', '1711932366', 'M', '1980-12-04', '023345654', '0912323409', 'enriquez@gmail.com', 'O+', '', 'QUITO', 1, '2019-03-24 11:09:33', NULL, NULL),
(11, 3, 22, 3, 11, 0, 'AYALA POZO ', 'ROBERTO CARLOS ', 'C', '1712264694', 'M', '1978-02-12', '02343233', '0967123456', 'enriquez@gmail.com', 'O+', '', 'QUITO', 1, '2019-03-24 11:11:56', NULL, NULL),
(12, 1, 14, 2, 12, 1, 'ZAPATA JÁCOME ', 'RAFAEL HERNAN', 'C', '0400839445', 'M', '1975-03-12', '02333334', '0967123456', 'zapata@gmail.com', 'O+', '', 'QUITO', 1, '2019-03-24 11:14:47', 3, '2019-04-29 18:29:39'),
(13, 1, 14, 4, 13, 0, 'HERNANDEZ CHULDE ', 'WASHINGTON GUILLERMO', 'C', '0501622385', 'M', '1970-12-17', '023343444', '0912323409', 'enriquez@gmail.com', 'O+', '', 'QUITO', 1, '2019-03-24 11:17:24', NULL, NULL),
(14, 1, 14, 2, 14, 0, 'MERCADO MURILLO ', 'ELVIS LEVINGTON', 'C', '0911828580', 'M', '1973-12-07', '023232323', '0912323409', 'enriquez@gmail.com', 'B+', '', 'QUITO', 1, '2019-03-24 11:21:01', NULL, NULL),
(15, 1, 14, 2, 15, 0, 'CHILUISA FOGACHO ', 'OSWALDO LEONEL', 'C', '2010488570', 'M', '1978-12-09', '034565654', '0912323409', 'enriquez@gmail.com', 'O+', '', 'QUITO', 1, '2019-03-24 11:22:58', NULL, NULL),
(16, 3, 27, 2, 16, 0, 'ALMEIDA MORA ', 'PABLO BYRON ', 'C', '1708529704', 'M', '1980-12-19', '022323423', '0912323409', 'enriquez@gmail.com', 'B+', '', 'QUITO', 1, '2019-03-24 11:26:31', 1, '2019-03-24 11:27:27'),
(17, 3, 27, 2, 17, 0, 'JIMENEZ LÓPEZ ', 'EDMUNDO XAVIER', 'C', '1712087251', 'M', '1979-06-07', '023456789', '0967123456', 'enriquez@gmail.com', 'O+', '', 'QUITO', 1, '2019-03-24 11:46:08', NULL, NULL),
(18, 4, 42, 2, 16, 0, 'CARDENAS PINEDA ', 'JORGE EDUARDO', 'C', '1711398790', 'M', '1980-12-16', '023232343', '0912323409', 'enriquez@gmail.com', 'B+', '', 'QUITO', 1, '2019-03-24 11:52:38', NULL, NULL),
(19, 4, 42, 2, 16, 0, 'HERRERA MORETA ', 'WILIAM ORLANDO ', 'C', '1713892188', 'M', '1980-08-12', '23232323', '0912323409', 'enriquez@gmail.com', 'O+', '', 'QUITO', 1, '2019-03-24 12:10:42', NULL, NULL),
(20, 1, 16, 2, 20, 0, 'CAYANCELA PILA', 'LEONARDO MANUEL', 'C', '1713313052', 'M', '1982-12-23', '02334343434', '0912323409', 'enriquez@gmail.com', 'O+', '', 'QUITO', 1, '2019-03-24 12:14:07', NULL, NULL),
(21, 3, 29, 2, 16, 0, 'PULUPA GÓMEZ', ' LUIS IVÁN', 'C', '1713732418', 'M', '1982-12-15', '232323232', '0967123456', 'enriquez@gmail.com', 'B+', '', 'QUITO', 1, '2019-03-24 12:17:01', NULL, NULL),
(22, 1, 16, 2, 25, 0, 'ÑAUÑAY COLCHA ', 'GUILLERMO PATRICIO', 'C', '1713766770', 'M', '1983-12-23', '022332332', '0912323409', 'enriquez@gmail.com', 'O+', '', 'QUITO', 1, '2019-03-24 12:19:10', 1, '2019-03-24 12:21:35'),
(23, 1, 16, 2, 22, 0, 'CHICAIZA LECHÓN', 'LUIS FAUSTO', 'C', '1002416517', 'M', '1983-03-08', '023431120', '0912323409', 'enriquez@gmail.com', 'O+', '', 'QUITO', 1, '2019-03-24 12:24:11', NULL, NULL),
(24, 1, 16, 3, 3, 0, 'PUNGUIL CHICAIZA ', 'FRANKLIN BLADIMIR', 'C', '1803016607', 'M', '1983-12-13', '02323233', '0912323409', 'enriquez@gmail.com', 'B+', '', 'QUITO', 1, '2019-03-24 12:25:39', 1, '2019-03-24 12:30:38'),
(25, 1, 17, 2, 20, 0, 'GALLARDO PANCHI ', 'EDWIN EDUARDO', 'C', '0502474117', 'M', '1980-12-13', '0234243234', '0912323409', 'enriquez@gmail.com', 'O+', '', 'QUITO', 1, '2019-03-24 12:32:56', NULL, NULL),
(26, 1, 17, 2, 2, 0, 'VALDIVIEZO PATIÑO ', 'EUGENIO GABRIEL', 'C', '1600359283', 'M', '1982-12-14', '0232424242', '0912323409', 'enriquez@gmail.com', 'O+', '', 'QUITO', 1, '2019-03-24 12:34:41', NULL, NULL),
(27, 1, 17, 2, 23, 0, 'CHICAIZA PERDOMO ', 'LUIS BRAULIO', 'C', '1803186780', 'M', '1983-02-13', '0234343434', '0912323409', 'enriquez@gmail.com', 'O+', '', 'QUITO', 1, '2019-03-24 12:37:39', NULL, NULL),
(28, 1, 17, 2, 24, 0, 'CHANCUSIG QUISHPE ', 'FREDDY ALBERTO', 'C', '1712684487', 'M', '1985-12-15', '02343434', '0912323409', 'enriquez@gmail.com', 'A+', '', 'QUITO', 1, '2019-03-24 12:39:12', NULL, NULL),
(29, 1, 17, 2, 4, 0, 'VERA BAQUE ', 'NELSÓN ABEL', 'C', '1713966735', 'M', '1982-03-07', '023232323', '0912323409', 'enriquez@gmail.com', 'O+', '', 'QUITO', 1, '2019-03-24 12:40:40', NULL, NULL),
(30, 1, 17, 2, 25, 0, 'MORENO SUQUILANDA ', 'RUBÉN FERNANDO', 'C', '1712643962', 'M', '1980-03-19', '023323232', '0986013482', 'zapata@gmail.com', 'A+', '', 'QUITO', 3, '2019-03-24 12:45:59', NULL, NULL),
(31, 1, 17, 2, 2, 0, 'BENALCAZAR LOYO ', 'JOSÉ ISRAEL', 'C', '1715781736', 'M', '1983-12-10', '02343344', '0986013482', 'enriquez@gmail.com', 'O+', '', 'QUITO', 3, '2019-03-24 12:48:11', NULL, NULL),
(37, 1, 17, 2, 29, 1, 'SUNTASIG SORIA ', 'EDWIN RAMIRO', 'C', '0502643026', 'M', '1975-12-03', '02334343', '0912323409', 'zapata@gmail.com', 'O+', '', 'QUITO', 3, '2019-04-29 18:39:36', 3, '2019-04-29 18:39:55'),
(38, 1, 17, 2, 27, 1, 'ACHACHI LASLUISA', ' FAUSTO EFRAIN', 'C', '1803038056', 'M', '1975-12-03', '02334343', '0986013482', 'enriquez@gmail.com', 'O+', '', 'LATACUNGA', 3, '2019-04-29 18:41:59', NULL, NULL),
(39, 1, 17, 2, 3, 1, 'TIBAN SORIA ', 'EDGAR PATRICIO', 'C', '0502595655', 'M', '1970-11-22', '02334343', '0986013482', 'enriquez@gmail.com', 'B-', '', 'LATACUNGA', 3, '2019-04-29 18:45:24', NULL, NULL),
(40, 4, 47, 2, 19, 13, 'LOACHAMIN PRUNA ', 'CARLOS RAMIRO', 'C', '1713339396', 'M', '1970-11-22', '02334343', '0967123456', 'enriquez@gmail.com', 'B+', '', 'QUITO', 3, '2019-04-29 18:54:23', NULL, NULL),
(41, 1, 17, 2, 3, 1, 'ZAPATA HIDALGO ', 'NESTOR FERNANDO', 'C', '0502569276', 'M', '1970-11-22', '02334343', '0967123456', 'csandovalcarlosa@gmail.com', 'O+', '', 'LATACUNGA', 3, '2019-04-29 18:56:13', NULL, NULL),
(42, 1, 17, 2, 4, 1, 'CRESPATA ALMACHI ', 'CLEVER ERNESTO', 'C', '0502515034', 'M', '1975-12-03', '02334343', '0996235278', 'zapata@gmail.com', 'O+', '', 'LATACUNGA', 3, '2019-04-29 18:57:48', NULL, NULL),
(43, 1, 17, 2, 22, 1, 'CUICHAN TIBAN ', 'JUAN CARLOS', 'C', '1715571962', 'M', '1983-12-15', '02334343', '0912323409', 'zapata@gmail.com', 'A+', '', 'QUITO', 3, '2019-04-29 18:59:32', NULL, NULL),
(44, 1, 17, 2, 24, 1, 'VERDEZOTO GARCIA ', 'CERVANTES ARNULFO', 'C', '0201612850', 'M', '1983-12-15', '02334343', '0986013482', 'marcorivas1988@gmail.com', 'B-', '', 'LATACUNGA', 3, '2019-04-29 19:01:04', NULL, NULL),
(45, 1, 17, 2, 4, 1, 'HERRERÍA RODRIGUEZ ', 'FERNANDO JOSE', 'C', '1714739859', 'M', '1983-12-15', '02334343', '0912323409', 'zapata@gmail.com', 'B+', '', 'QUITO', 3, '2019-04-29 19:02:36', NULL, NULL),
(46, 1, 17, 2, 27, 1, 'CHICAIZA TOAPANTA ', 'EDGAR FLAVIO', 'C', '0502664428', 'M', '1989-04-10', '02334343', '0912323409', 'csandovalcarlosa@gmail.com', 'O+', '', 'LATACUNGA', 3, '2019-04-29 19:03:45', NULL, NULL),
(47, 1, 17, 2, 2, 1, 'SOLANO CARRASCO ', 'RICHARD ANDRÉS', 'C', '1719443952', 'M', '1970-11-22', '02334343', '0967123456', 'enriquez@gmail.com', 'AB-', '', 'QUITO/CHECA', 3, '2019-04-29 19:05:14', NULL, NULL),
(48, 4, 47, 2, 22, 14, 'ROMÁN VERGARA ', 'MAURICIO VICENTE', 'C', '0924026651', 'M', '1970-11-22', '02334343', '0986013482', 'marcorivas1988@gmail.com', 'AB-', '', 'LATACUNGA', 3, '2019-04-29 19:08:04', NULL, NULL),
(49, 3, 31, 2, 3, 10, 'CORREA GANCINO ', 'OSCAR FERNANDO  ', 'C', '1720238680', 'M', '1988-02-28', '02334343', '0996235278', 'csandovalcarlosa@gmail.com', 'O-', '', 'QUITO', 3, '2019-04-29 19:09:47', NULL, NULL),
(50, 3, 31, 2, 3, 9, 'ANALUISA VILLACRES ', 'HENRY JONNY', 'C', '0503116440', 'M', '1970-11-22', '02334343', '0967123456', 'enriquez@gmail.com', 'O+', '', 'LATACUNGA', 3, '2019-04-29 19:11:19', NULL, NULL),
(51, 3, 31, 2, 2, 9, 'MANOBANDA ZAPATA ', 'JORGE BERNANDO', 'C', '1803620697', 'M', '1988-02-28', '02334343', '0986013482', 'marcorivas1988@gmail.com', 'B+', '', 'QUITO', 3, '2019-04-29 19:13:26', NULL, NULL),
(52, 4, 43, 2, 20, 15, 'CHAVÉZ DIAZ ', 'DANIEL ADALBERTO', 'C', '0923420004', 'M', '1988-02-28', '02334343', '0996235278', 'zapata@gmail.com', 'A+', '', 'QUITO', 3, '2019-04-29 19:16:13', NULL, NULL),
(53, 4, 43, 2, 27, 16, 'ORTIZ GUEVARA', ' JUAN CARLOS ', 'C', '0922907548', 'M', '1983-12-15', '02334343', '0996235278', 'csandovalcarlosa@gmail.com', 'O+', '', 'QUITO', 3, '2019-04-29 19:19:15', NULL, NULL),
(54, 1, 18, 2, 23, 17, 'PANCHI LEMA ', 'VICTOR ALFONSO', 'C', '1803817186', 'M', '1983-12-15', '02334343', '0986013482', 'zapata@gmail.com', 'AB+', '', 'QUITO', 3, '2019-04-29 19:20:56', 3, '2019-07-28 09:44:14'),
(55, 1, 18, 2, 2, 1, 'GUILCAPI ORTIZ ', 'VICTOR HUGO', 'C', '0604263277', 'M', '1970-11-22', '02334343', '0986013482', 'marcorivas1988@gmail.com', 'A+', '', 'LATACUNGA', 3, '2019-04-29 19:22:11', NULL, NULL),
(56, 1, 18, 2, 20, 1, 'BARRIONUEVO LOZADA', '  CARLOS', 'C', '1803644432', 'M', '1983-12-15', '02334343', '0967123456', 'enriquez@gmail.com', 'A+', '', 'QUITO', 3, '2019-04-29 19:24:22', NULL, NULL),
(57, 1, 18, 2, 28, 1, 'SAA MONTERO ', 'FREDDY MANUEL ', 'C', '0922428883', 'M', '1983-12-15', '02334343', '0912323409', 'zapata@gmail.com', 'B+', '', 'QUITO', 3, '2019-04-29 19:25:56', NULL, NULL),
(58, 4, 43, 2, 7, 14, 'TANDANZO TANDAZO ', 'MARLON FABIÁN ', 'C', '1721516761', 'M', '1989-04-10', '02334343', '0986013482', 'enriquez@gmail.com', 'B+', '', 'QUITO', 3, '2019-04-29 19:27:45', NULL, NULL),
(59, 1, 18, 2, 3, 1, 'AMAGUA CÓNDOR ', 'IVÁN STALYN', 'C', '1719864371', 'M', '1988-02-28', '02334343', '0986013482', 'enriquez@gmail.com', 'O+', '', 'LATACUNGA', 3, '2019-04-29 19:29:24', NULL, NULL),
(60, 1, 18, 2, 23, 1, 'QUISHPE JAIGUA ', 'GUIDO ROBERTO', 'C', '1804197612', 'M', '1983-12-15', '02334343', '0996235278', 'enriquez@gmail.com', 'B+', '', 'QUITO', 3, '2019-04-29 19:30:36', NULL, NULL),
(61, 3, 31, 2, 19, 9, 'FERNANDEZ  OÑA', ' LUIS EDUARDO ', 'C', '1718198474', 'M', '1988-02-28', '02334343', '0996235278', 'zapata@gmail.com', 'B+', '', 'QUITO', 3, '2019-04-29 19:32:39', NULL, NULL),
(62, 1, 18, 2, 22, 1, 'BUENAÑO BARRIONUEVO ', 'EDWIN MARCELO', 'C', '1804090569', 'M', '1975-12-03', '02334343', '0986013482', 'zapata@gmail.com', 'O+', '', 'QUITO', 3, '2019-04-29 19:33:59', NULL, NULL),
(63, 1, 18, 2, 4, 1, 'AGUIRRE ROMERO ', 'OBER FABIÁN', 'C', '1721750964', 'M', '1983-12-15', '02334343', '0912323409', 'marcorivas1988@gmail.com', 'B+', '', 'QUITO', 3, '2019-04-29 19:35:40', NULL, NULL),
(64, 1, 19, 2, 4, 1, 'INGA PACHECO ', 'JUSTO ARMANDO', 'C', '0603352642', 'M', '1983-12-15', '02334343', '0996235278', 'marcorivas1988@gmail.com', 'O+', '', 'QUITO', 3, '2019-04-29 19:37:36', NULL, NULL),
(65, 3, 32, 1, 4, 9, 'BRAVO PARCO', ' CESAR ENRIQUE', 'C', '1725672123', 'M', '1988-02-28', '02334343', '0967123456', 'marcorivas1988@gmail.com', 'O+', '', 'QUITO', 3, '2019-04-29 19:39:05', NULL, NULL),
(66, 4, 44, 1, 20, 16, 'CANDO GUAMÁN ', 'FREDDY EDISÓN ', 'C', '1500818396', 'M', '1989-04-10', '02334343', '0986013482', 'zapata@gmail.com', 'O+', '', 'LATACUNGA', 3, '2019-04-29 19:40:42', 3, '2019-04-29 19:40:46'),
(67, 4, 44, 1, 30, 17, 'SIMBAÑA ESPINOZA ', 'NANCY SUSANA', 'C', '1718298381', 'F', '1989-04-10', '02334343', '0986013482', 'csandovalcarlosa@gmail.com', 'B+', '', 'QUITO', 3, '2019-04-29 19:43:42', NULL, NULL),
(68, 4, 44, 1, 30, 17, 'OJEDA CAICEDO ', 'PRISCILA GARDENIA', 'C', '0930666078', 'F', '1989-04-10', '02334343', '0912323409', 'enriquez@gmail.com', 'O+', '', 'QUITO', 3, '2019-04-29 19:45:10', NULL, NULL),
(69, 4, 44, 1, 4, 15, 'ALMACHE VALLEJOS ', 'ROBERTH ALEXANDER ', 'C', '2100398862', 'M', '1989-04-10', '02334343', '0986013482', 'zapata@gmail.com', 'O-', '', 'LATACUNGA', 3, '2019-04-29 19:46:49', NULL, NULL),
(70, 4, 44, 1, 3, 14, 'RODRIGUEZ BRAVO', ' FREDDY FERNANDO', 'C', '0929128551', 'M', '1989-04-10', '02334343', '0967123456', 'enriquez@gmail.com', 'A+', '', 'QUITO', 3, '2019-04-29 19:48:03', NULL, NULL),
(71, 3, 28, 2, 31, 9, 'MURILLO VALENZUELA ', 'EFRAIN PABLO', 'C', '1712530458', 'M', '1975-12-03', '02334343', '0986013482', 'marcorivas1988@gmail.com', 'B+', '', 'QUITO', 3, '2019-04-29 19:52:07', NULL, NULL),
(72, 1, 17, 2, 25, 17, 'YASELGA ROMERO', ' SEGUNDO ERIBERTO', 'C', '1002439832', 'M', '1975-12-03', '02334343', '0967123456', 'marcorivas1988@gmail.com', 'O+', '', 'QUITO', 3, '2019-04-29 19:55:20', 3, '2019-07-28 09:32:59'),
(73, 1, 17, 2, 2, 1, 'VELEZ CALLE ', 'CESAR MANUEL', 'C', '0703019075', 'M', '1975-12-03', '02334343', '0912323409', 'csandovalcarlosa@gmail.com', 'O+', '', 'QUITO', 3, '2019-04-29 19:58:07', NULL, NULL),
(74, 1, 17, 2, 27, 1, 'TIPAN CALERO ', 'CARLOS REYNALDO', 'C', '0502552854', 'M', '1975-12-03', '02334343', '0996235278', 'zapata@gmail.com', 'O+', '', 'LATACUNGA', 3, '2019-04-29 20:00:46', NULL, NULL),
(75, 1, 17, 2, 3, 1, 'GAVILANEZ  SANCHEZ ', 'DARWIN VICTORIANO', 'C', '1803489820', 'M', '1983-12-15', '02334343', '0912323409', 'zapata@gmail.com', 'O+', '', 'QUITO', 3, '2019-04-29 20:03:25', NULL, NULL),
(76, 1, 17, 2, 4, 1, 'VELEZ INTRIAGO ', 'PABLO RODIS', 'C', '1714046198', 'M', '1970-11-22', '02334343', '0912323409', 'marcorivas1988@gmail.com', 'B-', '', 'QUITO', 3, '2019-04-29 20:05:53', NULL, NULL),
(77, 1, 17, 2, 3, 1, 'BORJA ESCOBAR ', 'CHRISTIAN RENE', 'C', '0201814423', 'M', '1970-11-22', '02334343', '0996235278', 'zapata@gmail.com', 'B+', '', 'QUITO', 3, '2019-04-29 20:08:03', NULL, NULL),
(78, 1, 17, 2, 20, 1, 'SILVA SHIQUIA ', 'JOHN ALFREDO', 'C', '1600431959', 'M', '1970-11-22', '02334343', '0996235278', 'zapata@gmail.com', 'O+', '', 'QUITO', 3, '2019-04-29 20:10:07', NULL, NULL),
(79, 4, 42, 2, 23, 14, 'PINTO MACIAS ', 'JUAN FRANCISCO', 'C', '0914582770', 'M', '1970-11-22', '02334343', '0986013482', 'enriquez@gmail.com', 'O+', '', 'LATACUNGA', 3, '2019-04-29 20:13:45', NULL, NULL),
(80, 4, 47, 2, 23, 13, 'HERRERA BARZOLA ', 'JUAN GREGORIO', 'C', '0918962150', 'M', '1970-11-22', '02334343', '0912323409', 'zapata@gmail.com', 'O+', '', 'QUITO', 3, '2019-04-29 20:16:18', NULL, NULL),
(81, 4, 47, 2, 27, 14, 'SOLIS ARMIJOS ', 'LEONARDO MAURICIO', 'C', '0918731118', 'M', '1975-12-03', '02334343', '0986013482', 'csandovalcarlosa@gmail.com', 'B+', '', 'QUITO', 3, '2019-04-29 20:19:22', NULL, NULL),
(82, 4, 47, 2, 2, 14, 'JIMENEZ CARRASCO ', 'DARWIN  ANDRÉS', 'C', '0915016794', 'M', '1975-12-03', '02334343', '0986013482', 'csandovalcarlosa@gmail.com', 'AB+', '', 'QUITO', 3, '2019-04-29 20:23:03', NULL, NULL),
(83, 4, 43, 2, 2, 14, 'TRIVIÑO ESPINOZA ', 'JUAN CARLOS ', 'C', '0921166383', 'M', '1988-02-28', '02334343', '0986013482', 'csandovalcarlosa@gmail.com', 'A-', '', 'LATACUNGA', 3, '2019-04-29 20:28:46', NULL, NULL),
(84, 4, 43, 2, 27, 18, 'TOMALA YAGUAL ', 'ENRIQUE ABRAHAM', 'C', '0923222012', 'M', '1975-12-03', '02334343', '0996235278', 'marcorivas1988@gmail.com', 'B+', '', 'QUITO', 3, '2019-04-29 20:33:58', NULL, NULL),
(85, 4, 43, 2, 25, 14, 'MARTINEZ YELA', ' CARLOS DANIEL', 'C', '0919099408', 'M', '1970-11-22', '02334343', '0967123456', 'zapata@gmail.com', 'A-', '', 'LATACUNGA', 3, '2019-04-29 20:37:15', NULL, NULL),
(86, 4, 43, 2, 28, 19, 'MOSCOZO GUERRERO ', 'ANDRES GIOVANNY', 'C', '0922696679', 'M', '1983-12-15', '02334343', '0912323409', 'marcorivas1988@gmail.com', 'B+', '', 'QUITO', 3, '2019-04-29 20:42:06', NULL, NULL),
(87, 4, 43, 2, 3, 14, 'CHIQUITO GARCES', ' DAVID MÁXIMO ', 'C', '0924855356', 'M', '1975-12-03', '02334343', '0912323409', 'zapata@gmail.com', 'A+', '', 'LATACUNGA', 3, '2019-04-29 20:45:34', NULL, NULL),
(88, 4, 43, 2, 3, 14, 'MOLINA OCHOA ', 'DOUGLAS GEOVANNY', 'C', '0923607634', 'M', '1975-12-03', '02334343', '0996235278', 'zapata@gmail.com', 'A-', '', 'QUITO', 3, '2019-04-29 20:48:10', NULL, NULL),
(89, 4, 43, 2, 3, 14, 'SUAREZ ROSALES ', 'JESÙS JOSÈ', 'C', '0923695670', 'M', '1975-12-03', '02334343', '0912323409', 'zapata@gmail.com', 'O+', '', 'LATACUNGA', 3, '2019-04-29 20:52:52', NULL, NULL),
(90, 4, 43, 2, 3, 18, 'CUERO CAMACHO ', 'JONATHAN PATRICIO', 'C', '0803137397', 'M', '1975-12-03', '02334343', '0912323409', 'zapata@gmail.com', 'A-', '', 'QUITO/CHECA', 3, '2019-04-29 20:56:19', NULL, NULL),
(91, 4, 43, 2, 2, 14, 'GUAMAN ASQUI ', 'BYRON JONATHAN', 'C', '0923882054', 'M', '1983-12-15', '02334343', '0967123456', 'csandovalcarlosa@gmail.com', 'O+', '', 'QUITO', 3, '2019-04-29 20:59:40', 3, '2019-04-29 20:59:58'),
(92, 1, 18, 2, 23, 1, 'REYES CUN ', 'ERICK FABRICIO', 'C', '0918830902', 'M', '1983-12-15', '02334343', '0986013482', 'marcorivas1988@gmail.com', 'B-', '', 'QUITO', 3, '2019-04-29 21:03:52', NULL, NULL),
(93, 1, 7, 1, 27, 17, 'CUSCO SUNTASIG', 'CARLOS ALBERTO', 'C', '1721520054', 'M', '1989-04-10', '022778244', '0996235277', 'cusco@gmail.com', 'O+', '', 'QUITO', 1, '2019-06-11 21:52:23', 3, '2019-10-31 14:21:14'),
(94, 1, 20, 1, 20, 1, 'GUARDIA', 'CAE', 'C', '1743526789', 'M', '1989-04-10', '2777345', '0965342345', 'guardia@gmail.com', 'A+', '', 'QUITO', 2, '2019-10-31 13:04:36', NULL, NULL),
(95, 1, 13, 2, 14, 8, 'DFDF', 'FDFD', 'C', '3434343344', 'M', '1970-11-22', '02334343', '0986013482', 'enriquez@gmail.com', 'B+', '', 'LATACUNGA', 3, '2019-12-30 12:27:54', NULL, NULL);

-- --------------------------------------------------------

--
-- Estructura de tabla para la tabla `seccion`
--

CREATE TABLE `seccion` (
  `id` int(11) NOT NULL,
  `nombre` varchar(50) DEFAULT NULL,
  `cci` int(11) DEFAULT NULL,
  `ccd` datetime DEFAULT NULL,
  `cwi` int(11) DEFAULT NULL,
  `cwd` datetime DEFAULT NULL
) ENGINE=InnoDB DEFAULT CHARSET=utf8 ROW_FORMAT=DYNAMIC;

--
-- Volcado de datos para la tabla `seccion`
--

INSERT INTO `seccion` (`id`, `nombre`, `cci`, `ccd`, `cwi`, `cwd`) VALUES
(1, 'APOYO', 1, '2019-03-18 14:53:48', NULL, NULL),
(2, 'SERVICIOS', 1, '2019-03-19 19:38:09', 3, '2019-04-02 11:58:14'),
(3, 'CONECTIVIDAD', 1, '2019-03-20 22:11:45', 3, '2019-04-02 12:09:48');

-- --------------------------------------------------------

--
-- Estructura de tabla para la tabla `sector`
--

CREATE TABLE `sector` (
  `id` int(11) NOT NULL,
  `cae_id` int(11) NOT NULL,
  `nombre` varchar(45) DEFAULT NULL,
  `cci` int(11) DEFAULT NULL,
  `ccd` datetime DEFAULT NULL,
  `cwi` int(11) DEFAULT NULL,
  `cwd` datetime DEFAULT NULL
) ENGINE=InnoDB DEFAULT CHARSET=utf8;

--
-- Volcado de datos para la tabla `sector`
--

INSERT INTO `sector` (`id`, `cae_id`, `nombre`, `cci`, `ccd`, `cwi`, `cwd`) VALUES
(1, 1, 'ORELLANA', NULL, NULL, NULL, NULL),
(2, 1, 'SUCUMBIOS', NULL, NULL, NULL, NULL),
(3, 2, 'AZUAY', NULL, NULL, NULL, NULL),
(4, 2, 'MORONA SANTIAGO', NULL, NULL, NULL, NULL),
(5, 2, 'CAÑAR', NULL, NULL, NULL, NULL),
(6, 3, 'GALÁPAGOS', NULL, NULL, NULL, NULL),
(7, 4, 'GUAYAS', NULL, NULL, NULL, NULL),
(8, 4, 'MANABÍ', NULL, NULL, NULL, NULL),
(9, 4, 'SALINAS', NULL, NULL, NULL, NULL),
(10, 4, 'SANTA ELENA', NULL, NULL, NULL, NULL),
(11, 4, 'LOS RÍOS', NULL, NULL, NULL, NULL),
(12, 5, 'LOJA', NULL, NULL, NULL, NULL),
(13, 5, 'ZAMORA CHINCHIPE', NULL, NULL, NULL, NULL),
(14, 6, 'AZUAY', NULL, NULL, NULL, NULL),
(15, 6, 'EL ORO', NULL, NULL, NULL, NULL),
(16, 6, 'LOJA', NULL, NULL, NULL, NULL),
(17, 7, 'PASTAZA', NULL, NULL, NULL, NULL),
(18, 7, 'TUNGURAHUA', NULL, NULL, NULL, NULL),
(19, 7, 'MORONA SANTIAGO', NULL, NULL, NULL, NULL),
(20, 7, 'NAPO', NULL, NULL, NULL, NULL),
(21, 8, 'COTOPAXI', NULL, NULL, NULL, NULL),
(22, 8, 'PICHINCHA', NULL, NULL, NULL, NULL),
(23, 8, 'TUNGURAHUA', NULL, NULL, NULL, NULL),
(24, 8, 'ESMERALDAS', NULL, NULL, NULL, NULL),
(25, 8, 'CHIMBORAZO', NULL, NULL, NULL, NULL),
(26, 8, 'CARCHI', NULL, NULL, NULL, NULL),
(27, 8, 'SANTO DOMINGO DE LOS TSÁCHILAS', NULL, NULL, NULL, NULL),
(28, 8, 'IMBABURA', NULL, NULL, NULL, NULL),
(29, 8, 'GALÁPAGOS', NULL, NULL, NULL, NULL),
(30, 8, 'ORELLANA', NULL, NULL, NULL, NULL),
(31, 8, 'MORONA SANTIAGO', NULL, NULL, NULL, NULL),
(32, 8, 'ZAMORA CHINCHIPE', NULL, NULL, NULL, NULL);

-- --------------------------------------------------------

--
-- Estructura de tabla para la tabla `sistema`
--

CREATE TABLE `sistema` (
  `id` int(11) NOT NULL,
  `seccion_id` int(11) NOT NULL,
  `nombre` varchar(50) DEFAULT NULL,
  `cci` int(11) DEFAULT NULL,
  `ccd` datetime DEFAULT NULL,
  `cwi` int(11) DEFAULT NULL,
  `cwd` datetime DEFAULT NULL
) ENGINE=InnoDB DEFAULT CHARSET=utf8 ROW_FORMAT=DYNAMIC;

--
-- Volcado de datos para la tabla `sistema`
--

INSERT INTO `sistema` (`id`, `seccion_id`, `nombre`, `cci`, `ccd`, `cwi`, `cwd`) VALUES
(4, 1, 'GRUPOS ELECTRÓGENOS', 3, '2019-04-02 12:10:28', NULL, NULL),
(5, 1, 'ENERGÍA SOLAR', 3, '2019-04-02 12:10:43', NULL, NULL),
(6, 1, 'CLIMATIZACIÓN', 3, '2019-04-02 12:10:59', NULL, NULL),
(7, 1, 'INFRAESTRUCTURA', 3, '2019-04-02 12:11:10', NULL, NULL),
(8, 1, 'ACOMETIDAS ELÉCTRICAS', 3, '2019-04-02 12:11:34', NULL, NULL),
(9, 3, 'PDH-SDH', 3, '2019-04-02 12:12:39', NULL, NULL),
(10, 3, 'IP', 3, '2019-04-02 12:12:52', NULL, NULL),
(11, 3, 'MULTIACCESO', 3, '2019-04-02 12:13:30', NULL, NULL),
(12, 3, 'WIMAX', 3, '2019-04-02 12:13:38', NULL, NULL),
(13, 3, 'TRONCALIZADO', 3, '2019-04-02 12:13:53', NULL, NULL),
(14, 3, 'SATELITAL', 3, '2019-04-02 12:14:14', NULL, NULL),
(15, 2, 'DATOS', 3, '2019-04-02 12:15:28', NULL, NULL),
(16, 2, 'CONMUTACIÓN', 3, '2019-04-02 12:15:42', NULL, NULL);

-- --------------------------------------------------------

--
-- Estructura de tabla para la tabla `tipo_existencia`
--

CREATE TABLE `tipo_existencia` (
  `id` int(11) NOT NULL,
  `estacion_id` int(11) NOT NULL,
  `sistema_id` int(11) NOT NULL,
  `nombre` varchar(100) DEFAULT NULL,
  `propiedad` varchar(100) DEFAULT NULL,
  `cci` int(11) DEFAULT NULL,
  `ccd` datetime DEFAULT NULL,
  `cwi` int(11) DEFAULT NULL,
  `cwd` datetime DEFAULT NULL
) ENGINE=InnoDB DEFAULT CHARSET=utf8 ROW_FORMAT=DYNAMIC;

--
-- Volcado de datos para la tabla `tipo_existencia`
--

INSERT INTO `tipo_existencia` (`id`, `estacion_id`, `sistema_id`, `nombre`, `propiedad`, `cci`, `ccd`, `cwi`, `cwd`) VALUES
(174, 78, 7, 'TORRE CUADRADA', '15M', 1, '2019-06-19 11:57:01', NULL, NULL),
(175, 78, 7, 'TORRE ', '25M', 1, '2019-06-19 11:57:48', NULL, NULL),
(178, 68, 6, 'A.C. VENTANA', '	12000 BTU ', 1, '2019-06-19 12:00:06', NULL, NULL),
(179, 68, 6, 'A.C. VENTANA	', '24000 BTU', 1, '2019-06-19 12:00:46', NULL, NULL),
(180, 68, 6, ' A.C. VENTANA	', '24000 BTU', 1, '2019-06-19 12:01:00', NULL, NULL),
(181, 77, 7, 'TENSORES TRIANGULAR', '25 M', 1, '2019-06-19 12:03:41', NULL, NULL),
(182, 77, 8, 'AUTOSOPORTADA CUADRADA 50X50 CM', '15M', 1, '2019-06-19 12:03:57', NULL, NULL),
(183, 69, 5, '20 PANELES SOLARES', ' MODELO I110/12V-6A	24 BATERÍAS 700AH ', 1, '2019-06-19 12:03:59', NULL, NULL),
(184, 70, 8, '24 PANELES SOLARES I-110 SANTA CRUZ (01 MAL ESTADO)', '	DESMONTADO', 1, '2019-06-19 12:05:18', NULL, NULL),
(185, 71, 5, '08 PANELES SOLARES MODELO I110/12V-6A 	', 'DESABILITADO', 1, '2019-06-19 12:06:01', NULL, NULL),
(186, 71, 5, 'REGULADOR ISOTEL 	', '30-48V/20A ', 1, '2019-06-19 12:06:53', NULL, NULL),
(187, 72, 5, '04 PANELES SOLARES MODELO M-53', ' 	DESABILITADO', 1, '2019-06-19 12:07:53', NULL, NULL),
(188, 72, 5, 'CONVERSOR DE VOLTAJE - SUNPOWER - SCI-120	', 'DESABILITADO', 1, '2019-06-19 12:08:44', NULL, NULL),
(189, 73, 5, '24 BATERIAS 960 AH', 'DESABILITADO', 1, '2019-06-19 12:10:31', NULL, NULL),
(190, 73, 5, 'REGULADOR ISOTEL ', '48-90V /60 A', 1, '2019-06-19 12:11:43', NULL, NULL),
(191, 73, 5, 'INVERSOR AJ-STUDER', 'DESABILITADO', 1, '2019-06-19 12:12:20', NULL, NULL),
(192, 74, 5, '02 PANELES SOLARES MODELO M-75-L', 'DESABILITADO', 1, '2019-06-19 12:13:20', NULL, NULL),
(193, 74, 5, 'MODULO REGULADOR DE VOLTAJE - ATERSA	', 'DESABILITADO', 1, '2019-06-19 12:14:30', NULL, NULL),
(194, 75, 5, 'UPS, MARCA THOR 500', '2 BATERÍAS 12V 7.2AH', 1, '2019-06-19 12:15:54', NULL, NULL),
(195, 75, 5, 'UPS, MARCA CELCO, MODELO N° SPS. 1000 PRO 120V 60HZ', '2 BATERÍAS 12V 7.2AH', 1, '2019-06-19 12:16:29', NULL, NULL),
(196, 75, 5, 'UPS CELCO 1,5 KVA N 81 11300061WC', '8 BATERÍAS 12V 7.2AH', 1, '2019-06-19 12:17:11', NULL, NULL),
(197, 75, 5, 'CELCO 1,5 KVA N 81 11300070WC (EVACUADO DE CAP. SANTA CRUZ)', '8 BATERÍAS 12V 7.2AH', 1, '2019-06-19 12:17:42', NULL, NULL),
(198, 76, 5, '20 PANELES SOLARES MODELO  I-110 / 12V 6A', 'DESMONTADO', 1, '2019-06-19 12:17:54', NULL, NULL),
(199, 76, 5, '84 PANELES SOLARES MODELO M75L', 'DESMONTADO', 1, '2019-06-19 12:18:25', NULL, NULL);

-- --------------------------------------------------------

--
-- Estructura de tabla para la tabla `tipo_fuerza`
--

CREATE TABLE `tipo_fuerza` (
  `id` int(11) NOT NULL,
  `nombre` varchar(45) DEFAULT NULL
) ENGINE=InnoDB DEFAULT CHARSET=utf8 ROW_FORMAT=DYNAMIC;

--
-- Volcado de datos para la tabla `tipo_fuerza`
--

INSERT INTO `tipo_fuerza` (`id`, `nombre`) VALUES
(1, 'MILITAR'),
(2, 'CIVIL');

-- --------------------------------------------------------

--
-- Estructura de tabla para la tabla `tipo_mantenimiento`
--

CREATE TABLE `tipo_mantenimiento` (
  `id` int(11) NOT NULL,
  `nombre` varchar(50) DEFAULT NULL,
  `cci` int(11) DEFAULT NULL,
  `ccd` datetime DEFAULT NULL,
  `cwi` int(11) DEFAULT NULL,
  `cwd` datetime DEFAULT NULL
) ENGINE=InnoDB DEFAULT CHARSET=utf8 ROW_FORMAT=DYNAMIC;

--
-- Volcado de datos para la tabla `tipo_mantenimiento`
--

INSERT INTO `tipo_mantenimiento` (`id`, `nombre`, `cci`, `ccd`, `cwi`, `cwd`) VALUES
(2, 'EJERCICIOS', 3, '2019-04-22 21:50:46', NULL, NULL),
(3, 'ENTREGA DE MATERIAL', 3, '2019-04-22 21:50:55', NULL, NULL),
(4, 'ADMINISTRATIVO', 3, '2019-04-22 21:51:08', NULL, NULL),
(5, 'INSPECCIÓN ', 3, '2019-04-22 21:51:16', NULL, NULL),
(6, 'DESMONTAJE ', 3, '2019-04-22 21:51:26', NULL, NULL),
(7, 'FIRMA ACTAS ENTREGA RECEPCIÓN ', 3, '2019-04-22 21:51:38', NULL, NULL),
(8, 'RECONFIGURACIÓN', 3, '2019-04-22 21:52:15', NULL, NULL),
(9, ' PREVENTIVO', 3, '2019-04-22 21:52:33', NULL, NULL),
(10, ' CORRECTIVO', 3, '2019-04-22 21:52:47', NULL, NULL),
(11, 'VERIFICACIÓN INTERFERENCIAS', 3, '2019-04-22 21:53:04', NULL, NULL),
(12, 'APOYO PROCESO DEL ESTADO', 3, '2019-04-22 21:53:21', NULL, NULL),
(13, 'ANÁLISIS DIRECTIVAS', 3, '2019-04-22 21:53:47', NULL, NULL),
(14, 'INSPECCIÓN CONVENIO', 3, '2019-04-22 21:53:57', NULL, NULL),
(15, 'INSTALACIÓN', 3, '2019-04-22 21:54:10', NULL, NULL);

-- --------------------------------------------------------

--
-- Estructura de tabla para la tabla `unidad`
--

CREATE TABLE `unidad` (
  `id` int(11) NOT NULL,
  `nombre_comando` varchar(255) DEFAULT NULL,
  `nombre` varchar(255) DEFAULT NULL,
  `abreviatura` varchar(45) DEFAULT NULL,
  `logo` varchar(45) DEFAULT NULL,
  `direccion` varchar(500) DEFAULT NULL,
  `telefono_fijo` varchar(100) DEFAULT NULL,
  `telefono_movil` varchar(100) DEFAULT NULL,
  `email` varchar(100) DEFAULT NULL,
  `cci` int(11) DEFAULT NULL,
  `ccd` datetime DEFAULT NULL,
  `cwi` int(11) DEFAULT NULL,
  `cwd` datetime DEFAULT NULL
) ENGINE=InnoDB DEFAULT CHARSET=utf8 ROW_FORMAT=DYNAMIC;

--
-- Volcado de datos para la tabla `unidad`
--

INSERT INTO `unidad` (`id`, `nombre_comando`, `nombre`, `abreviatura`, `logo`, `direccion`, `telefono_fijo`, `telefono_movil`, `email`, `cci`, `ccd`, `cwi`, `cwd`) VALUES
(1, 'COMANDO CONJUNTO DE LAS FUERZAS ARMADAS', 'GRUPO DE SISTEMAS INFORMÁTICOS, COMUNICACIONES Y GUERRA ELECTRÓNICA CONJUNTO', 'GRUSICOMGE', '111.jpg', 'LA RECOLECTA - QUITO', '023484854', '0986013482', 'grusicomge@gmail.com', NULL, NULL, 3, '2019-06-12 09:24:23');

-- --------------------------------------------------------

--
-- Estructura de tabla para la tabla `usuario`
--

CREATE TABLE `usuario` (
  `id` int(11) NOT NULL,
  `personal_id` int(11) NOT NULL,
  `es_superadmin` enum('S','N') DEFAULT 'N',
  `usuario` varchar(45) DEFAULT NULL,
  `clave` varchar(255) DEFAULT NULL,
  `email` varchar(100) DEFAULT NULL,
  `estado` enum('A','I') DEFAULT 'I',
  `cci` int(11) DEFAULT NULL,
  `ccd` datetime DEFAULT NULL,
  `cwi` int(11) DEFAULT NULL,
  `cwd` datetime DEFAULT NULL
) ENGINE=InnoDB DEFAULT CHARSET=utf8 ROW_FORMAT=DYNAMIC;

--
-- Volcado de datos para la tabla `usuario`
--

INSERT INTO `usuario` (`id`, `personal_id`, `es_superadmin`, `usuario`, `clave`, `email`, `estado`, `cci`, `ccd`, `cwi`, `cwd`) VALUES
(1, 1, 'S', 'desarrollador', '54e4dde95ad582ac5e60e7fa6aff1d2b204044bab8328f929942450a77d00d7bbec955a870af90519703d3e599b330425d9296f6ea9b6728b68abd8cd1f89802JfMrcU5W6wXzhUuvk3nqg/IGa/E8m0qeuRUIzvw9RaQ=', NULL, 'A', NULL, NULL, NULL, NULL),
(2, 6, 'N', 'cacuasqui', '5e8de055bc059371eaeb45c03ecb16528b4277de373d272d90914a67813cfbb7c37780762dc89abbe6ea50ea141c90b76d526654abcc14e8a6d31f15cff09defKLimiz1WGMpBMKg7R5IRZhzWav6xbE2Dh8H9lUu/uHw=', 'csandovalcarlosa@gmail.com', 'A', 1, '2019-03-20 21:47:21', 3, '2019-10-31 14:11:09'),
(3, 2, 'S', 'mvrivas', 'a37e4ae7b6c56df5eeff7ce9d57f33d63c0b37b26702eb1ba1cef37529523797c3d330a7f1295e45a6f61941bd340cf55a542e17e04927300ea564b7502c3230rTsuswfXKM/xz8dzqiddG6c2w9Piv6/eW4KgjkJxcbQ=', 'marcorivas1988@gmail.com', 'A', 1, '2019-03-21 13:21:02', 1, '2019-03-24 12:41:51'),
(4, 12, 'S', 'zapata', 'e508a8a8cd527c9abe648917485e09752dda1a92cc14de609afc9b2504b90faac42c118251d3cbbbe7ba3dd3f33904803a37f5971437c63c346e3639c3ff058aH4PQbUbDf7hi8A506KbZRexAP8DjwqCmgQamwbdp0Wo=', 'marcorivas1988@gmail.com', 'A', 3, '2019-04-10 11:07:31', 3, '2019-04-10 11:07:42'),
(5, 93, 'N', 'cusco', 'f55f9e772dd47e8a1109623cc047d9921d44ebb0d941a3b39275ea15f9a9a9614e4f539c5dae1e4112f9e16840f825cff175683b2f31fb45f527dc57b2a3f87eBqtA0LDrk/CLFRhdvf9jgK8nr7CljQTAvCngq3v7A4w=', 'cusco@gmail.com', 'A', 1, '2019-06-11 21:52:58', 3, '2019-10-31 14:21:20'),
(6, 3, 'N', 'guardia', '1c9c8c22c69b0f104a03df8ebb943f43f3181bbfd8bd90656424923c4ea288c39f7c5002cde0d89d552de41e75e86077619fd976180960584a706ee071b9197eQTcTcd/7sZHCotyfLk2N19B473flpbH+4Rp5YGTwkrI=', 'guardia@mail.com', 'A', 1, '2019-07-26 12:30:09', NULL, NULL),
(7, 9, 'N', 'supervisor', 'f8e04338ef50adb995daeb112ff146d5004f29fd7f7b4388fcc67608e99c6dbe7ac88a46901009c098a522664deb0958cfb0963daa635a25152fe975c7c3855d1xvyZsQPRMGGoAasCFujcYgRq9F3h+8ewtuWA876nI0=', 'sup@mail.com', 'A', 1, '2019-07-27 09:36:28', NULL, NULL),
(8, 10, 'N', 'tecnico', 'e39b5e74b62be5661ed9dfe617869f81ed20da06b353c9e1b55ace31b23f88462d85886bec92ccfa1362c8612769e138da49593f540ab29acb262eef4b38c7777camhJ+c8I1YfzkHbYr7ZhspH0TUJ37B9pDOOz++JBQ=', 'tecnico@mail.com', 'A', 1, '2019-07-27 12:05:16', 3, '2019-12-02 11:31:41'),
(9, 72, 'N', 'supervisor', 'bb9431dfbac112b590b5731141d05636b16b69751e62294f5799339f8f1cc478338aafdc6e3b198e342b039183188e25fabb91ee243d8f0ece5bb1b1e3cdb246l8AXwjBJoNZBMg8aUJQEV0sZGjsiTicCRnUSIy1vnpM=', 'supervisor@mail.com', 'A', 3, '2019-07-28 09:27:07', 3, '2019-07-28 09:33:16'),
(10, 54, 'N', 'guardia', '9336e8f0b2c4174b60babcd507350d55cceb3b4b0c038f1f6812defc90ad89026a3c7e743f059f439a30e3a085708d36d6d1becf9114f2296fbf51553c30f2677QZZ6UZXIyQVVvc9gp9mYJGsZg9tgmhVid/kSZQV2/c=', 'guardia@mail.ec', 'A', 3, '2019-07-28 09:41:41', 3, '2019-07-28 09:44:21'),
(11, 94, 'N', 'guardia', 'a1333f533b758e84badc8ba7f2752ba9bf026959d4c86bf7c7ff69643716119bf18d4b8c69a3159ec52e672b2364001837e46899d67d7f4fb8439c8b45c57040D0jddpBhCW92jU+fjLlnSrEplFBysgA3sjKQiiTAcf4=', 'guardia@gmail.com', 'A', 2, '2019-10-31 13:05:44', 2, '2019-10-31 13:09:29'),
(12, 70, 'N', 'carodriguez', '1eb00facb39690100bf359a814f76929da84a416a021a6345ce29e4890eb750c77ac877c7941cc656cbf10cfd6ed9cd3b035d7c25e239f089a295fec8061c0favWORmffZ/VGvzYsKnG4pn8BbIUTyvKgYOzhtMrLYZd8=', 'rodriguez@gmail.com', 'A', 2, '2019-10-31 13:12:24', 2, '2019-10-31 13:12:31');

-- --------------------------------------------------------

--
-- Estructura de tabla para la tabla `usuario_perfil`
--

CREATE TABLE `usuario_perfil` (
  `usuario_id` int(11) NOT NULL,
  `perfil_id` int(11) NOT NULL
) ENGINE=InnoDB DEFAULT CHARSET=utf8 ROW_FORMAT=DYNAMIC;

--
-- Volcado de datos para la tabla `usuario_perfil`
--

INSERT INTO `usuario_perfil` (`usuario_id`, `perfil_id`) VALUES
(2, 6),
(3, 1),
(4, 4),
(5, 3),
(6, 3),
(7, 1),
(8, 4),
(9, 1),
(10, 3),
(11, 3),
(12, 3);

--
-- Índices para tablas volcadas
--

--
-- Indices de la tabla `actividad`
--
ALTER TABLE `actividad`
  ADD PRIMARY KEY (`id`) USING BTREE;

--
-- Indices de la tabla `arma`
--
ALTER TABLE `arma`
  ADD PRIMARY KEY (`id`) USING BTREE,
  ADD KEY `fk_arma_fuerza1_idx` (`fuerza_id`) USING BTREE;

--
-- Indices de la tabla `cae`
--
ALTER TABLE `cae`
  ADD PRIMARY KEY (`id`) USING BTREE,
  ADD KEY `fk_cae_unidad_idx` (`unidad_id`) USING BTREE;

--
-- Indices de la tabla `categoria_menu`
--
ALTER TABLE `categoria_menu`
  ADD PRIMARY KEY (`id`) USING BTREE;

--
-- Indices de la tabla `comision`
--
ALTER TABLE `comision`
  ADD PRIMARY KEY (`id`) USING BTREE,
  ADD KEY `fk_comision_tipo_mantenimiento1_idx` (`tipo_mantenimiento_id`);

--
-- Indices de la tabla `comision_personal`
--
ALTER TABLE `comision_personal`
  ADD PRIMARY KEY (`comision_id`,`personal_id`),
  ADD KEY `fk_comision_has_personal_personal1_idx` (`personal_id`),
  ADD KEY `fk_comision_has_personal_comision1_idx` (`comision_id`);

--
-- Indices de la tabla `detalle_parte`
--
ALTER TABLE `detalle_parte`
  ADD PRIMARY KEY (`id`) USING BTREE,
  ADD KEY `fk_parte_tipo_existencia1_idx` (`tipo_existencia_id`) USING BTREE,
  ADD KEY `fk_detalle_parte_parte1_idx` (`parte_id`);

--
-- Indices de la tabla `estacion`
--
ALTER TABLE `estacion`
  ADD PRIMARY KEY (`id`) USING BTREE,
  ADD KEY `fk_estacion_sector1_idx` (`sector_id`);

--
-- Indices de la tabla `estado_civil`
--
ALTER TABLE `estado_civil`
  ADD PRIMARY KEY (`id`) USING BTREE;

--
-- Indices de la tabla `fuerza`
--
ALTER TABLE `fuerza`
  ADD PRIMARY KEY (`id`) USING BTREE,
  ADD KEY `fk_fuerza_tipo_fuerza1_idx` (`tipo_fuerza_id`) USING BTREE;

--
-- Indices de la tabla `funcion`
--
ALTER TABLE `funcion`
  ADD PRIMARY KEY (`id`) USING BTREE;

--
-- Indices de la tabla `grado`
--
ALTER TABLE `grado`
  ADD PRIMARY KEY (`id`) USING BTREE,
  ADD KEY `fk_grado_fuerza1_idx` (`fuerza_id`) USING BTREE;

--
-- Indices de la tabla `menu`
--
ALTER TABLE `menu`
  ADD PRIMARY KEY (`id`) USING BTREE,
  ADD KEY `fk_menu_categoria_menu1_idx` (`categoria_menu_id`) USING BTREE;

--
-- Indices de la tabla `parte`
--
ALTER TABLE `parte`
  ADD PRIMARY KEY (`id`),
  ADD KEY `fk_parte_cae1_idx` (`cae_id`);

--
-- Indices de la tabla `pase`
--
ALTER TABLE `pase`
  ADD PRIMARY KEY (`id`) USING BTREE,
  ADD KEY `fk_pase_personal1_idx` (`personal_id`) USING BTREE,
  ADD KEY `fk_pase_cae1_idx` (`cae_id`) USING BTREE;

--
-- Indices de la tabla `perfil`
--
ALTER TABLE `perfil`
  ADD PRIMARY KEY (`id`) USING BTREE;

--
-- Indices de la tabla `perfil_menu`
--
ALTER TABLE `perfil_menu`
  ADD PRIMARY KEY (`id`) USING BTREE,
  ADD KEY `fk_perfil_menu_perfil1_idx` (`perfil_id`) USING BTREE,
  ADD KEY `fk_perfil_menu_menu1_idx` (`menu_id`) USING BTREE;

--
-- Indices de la tabla `personal`
--
ALTER TABLE `personal`
  ADD PRIMARY KEY (`id`) USING BTREE,
  ADD KEY `fk_personal_fuerza1_idx` (`fuerza_id`) USING BTREE,
  ADD KEY `fk_personal_grado1_idx` (`grado_id`) USING BTREE,
  ADD KEY `fk_personal_estado_civil1_idx` (`estado_civil_id`) USING BTREE,
  ADD KEY `fk_personal_funcion1_idx` (`funcion_id`) USING BTREE,
  ADD KEY `fk_personal_arma1_idx` (`arma_id`) USING BTREE;

--
-- Indices de la tabla `seccion`
--
ALTER TABLE `seccion`
  ADD PRIMARY KEY (`id`) USING BTREE;

--
-- Indices de la tabla `sector`
--
ALTER TABLE `sector`
  ADD PRIMARY KEY (`id`),
  ADD KEY `fk_sector_cae1_idx` (`cae_id`);

--
-- Indices de la tabla `sistema`
--
ALTER TABLE `sistema`
  ADD PRIMARY KEY (`id`) USING BTREE,
  ADD KEY `fk_sistema_seccion1_idx` (`seccion_id`) USING BTREE;

--
-- Indices de la tabla `tipo_existencia`
--
ALTER TABLE `tipo_existencia`
  ADD PRIMARY KEY (`id`) USING BTREE,
  ADD KEY `fk_tipo_existencia_estacion1_idx` (`estacion_id`) USING BTREE,
  ADD KEY `fk_tipo_existencia_sistema1_idx` (`sistema_id`) USING BTREE;

--
-- Indices de la tabla `tipo_fuerza`
--
ALTER TABLE `tipo_fuerza`
  ADD PRIMARY KEY (`id`) USING BTREE;

--
-- Indices de la tabla `tipo_mantenimiento`
--
ALTER TABLE `tipo_mantenimiento`
  ADD PRIMARY KEY (`id`) USING BTREE;

--
-- Indices de la tabla `unidad`
--
ALTER TABLE `unidad`
  ADD PRIMARY KEY (`id`) USING BTREE;

--
-- Indices de la tabla `usuario`
--
ALTER TABLE `usuario`
  ADD PRIMARY KEY (`id`) USING BTREE,
  ADD KEY `fk_usuario_personal1_idx` (`personal_id`) USING BTREE;

--
-- Indices de la tabla `usuario_perfil`
--
ALTER TABLE `usuario_perfil`
  ADD PRIMARY KEY (`usuario_id`,`perfil_id`) USING BTREE,
  ADD KEY `fk_usuario_has_perfil_perfil1_idx` (`perfil_id`) USING BTREE,
  ADD KEY `fk_usuario_has_perfil_usuario1_idx` (`usuario_id`) USING BTREE;

--
-- AUTO_INCREMENT de las tablas volcadas
--

--
-- AUTO_INCREMENT de la tabla `actividad`
--
ALTER TABLE `actividad`
  MODIFY `id` int(11) NOT NULL AUTO_INCREMENT;

--
-- AUTO_INCREMENT de la tabla `arma`
--
ALTER TABLE `arma`
  MODIFY `id` int(11) NOT NULL AUTO_INCREMENT, AUTO_INCREMENT=20;

--
-- AUTO_INCREMENT de la tabla `cae`
--
ALTER TABLE `cae`
  MODIFY `id` int(11) NOT NULL AUTO_INCREMENT, AUTO_INCREMENT=18;

--
-- AUTO_INCREMENT de la tabla `categoria_menu`
--
ALTER TABLE `categoria_menu`
  MODIFY `id` int(11) NOT NULL AUTO_INCREMENT, AUTO_INCREMENT=13;

--
-- AUTO_INCREMENT de la tabla `comision`
--
ALTER TABLE `comision`
  MODIFY `id` int(11) NOT NULL AUTO_INCREMENT, AUTO_INCREMENT=2;

--
-- AUTO_INCREMENT de la tabla `detalle_parte`
--
ALTER TABLE `detalle_parte`
  MODIFY `id` int(11) NOT NULL AUTO_INCREMENT, AUTO_INCREMENT=625;

--
-- AUTO_INCREMENT de la tabla `estacion`
--
ALTER TABLE `estacion`
  MODIFY `id` int(11) NOT NULL AUTO_INCREMENT, AUTO_INCREMENT=1025;

--
-- AUTO_INCREMENT de la tabla `estado_civil`
--
ALTER TABLE `estado_civil`
  MODIFY `id` int(11) NOT NULL AUTO_INCREMENT, AUTO_INCREMENT=7;

--
-- AUTO_INCREMENT de la tabla `fuerza`
--
ALTER TABLE `fuerza`
  MODIFY `id` int(11) NOT NULL AUTO_INCREMENT, AUTO_INCREMENT=6;

--
-- AUTO_INCREMENT de la tabla `funcion`
--
ALTER TABLE `funcion`
  MODIFY `id` int(11) NOT NULL AUTO_INCREMENT, AUTO_INCREMENT=39;

--
-- AUTO_INCREMENT de la tabla `grado`
--
ALTER TABLE `grado`
  MODIFY `id` int(11) NOT NULL AUTO_INCREMENT, AUTO_INCREMENT=49;

--
-- AUTO_INCREMENT de la tabla `menu`
--
ALTER TABLE `menu`
  MODIFY `id` int(11) NOT NULL AUTO_INCREMENT, AUTO_INCREMENT=24;

--
-- AUTO_INCREMENT de la tabla `parte`
--
ALTER TABLE `parte`
  MODIFY `id` int(11) NOT NULL AUTO_INCREMENT, AUTO_INCREMENT=79;

--
-- AUTO_INCREMENT de la tabla `pase`
--
ALTER TABLE `pase`
  MODIFY `id` int(11) NOT NULL AUTO_INCREMENT, AUTO_INCREMENT=43;

--
-- AUTO_INCREMENT de la tabla `perfil`
--
ALTER TABLE `perfil`
  MODIFY `id` int(11) NOT NULL AUTO_INCREMENT, AUTO_INCREMENT=8;

--
-- AUTO_INCREMENT de la tabla `perfil_menu`
--
ALTER TABLE `perfil_menu`
  MODIFY `id` int(11) NOT NULL AUTO_INCREMENT, AUTO_INCREMENT=38;

--
-- AUTO_INCREMENT de la tabla `personal`
--
ALTER TABLE `personal`
  MODIFY `id` int(11) NOT NULL AUTO_INCREMENT, AUTO_INCREMENT=96;

--
-- AUTO_INCREMENT de la tabla `seccion`
--
ALTER TABLE `seccion`
  MODIFY `id` int(11) NOT NULL AUTO_INCREMENT, AUTO_INCREMENT=5;

--
-- AUTO_INCREMENT de la tabla `sector`
--
ALTER TABLE `sector`
  MODIFY `id` int(11) NOT NULL AUTO_INCREMENT, AUTO_INCREMENT=75;

--
-- AUTO_INCREMENT de la tabla `sistema`
--
ALTER TABLE `sistema`
  MODIFY `id` int(11) NOT NULL AUTO_INCREMENT, AUTO_INCREMENT=17;

--
-- AUTO_INCREMENT de la tabla `tipo_existencia`
--
ALTER TABLE `tipo_existencia`
  MODIFY `id` int(11) NOT NULL AUTO_INCREMENT, AUTO_INCREMENT=200;

--
-- AUTO_INCREMENT de la tabla `tipo_fuerza`
--
ALTER TABLE `tipo_fuerza`
  MODIFY `id` int(11) NOT NULL AUTO_INCREMENT, AUTO_INCREMENT=3;

--
-- AUTO_INCREMENT de la tabla `tipo_mantenimiento`
--
ALTER TABLE `tipo_mantenimiento`
  MODIFY `id` int(11) NOT NULL AUTO_INCREMENT, AUTO_INCREMENT=16;

--
-- AUTO_INCREMENT de la tabla `unidad`
--
ALTER TABLE `unidad`
  MODIFY `id` int(11) NOT NULL AUTO_INCREMENT, AUTO_INCREMENT=2;

--
-- AUTO_INCREMENT de la tabla `usuario`
--
ALTER TABLE `usuario`
  MODIFY `id` int(11) NOT NULL AUTO_INCREMENT, AUTO_INCREMENT=13;

--
-- Restricciones para tablas volcadas
--

--
-- Filtros para la tabla `arma`
--
ALTER TABLE `arma`
  ADD CONSTRAINT `fk_arma_fuerza1` FOREIGN KEY (`fuerza_id`) REFERENCES `fuerza` (`id`) ON DELETE NO ACTION ON UPDATE NO ACTION;

--
-- Filtros para la tabla `cae`
--
ALTER TABLE `cae`
  ADD CONSTRAINT `fk_cae_unidad` FOREIGN KEY (`unidad_id`) REFERENCES `unidad` (`id`) ON DELETE NO ACTION ON UPDATE NO ACTION;

--
-- Filtros para la tabla `comision`
--
ALTER TABLE `comision`
  ADD CONSTRAINT `fk_comision_tipo_mantenimiento1` FOREIGN KEY (`tipo_mantenimiento_id`) REFERENCES `tipo_mantenimiento` (`id`) ON DELETE NO ACTION ON UPDATE NO ACTION;

--
-- Filtros para la tabla `comision_personal`
--
ALTER TABLE `comision_personal`
  ADD CONSTRAINT `fk_comision_has_personal_comision1` FOREIGN KEY (`comision_id`) REFERENCES `comision` (`id`) ON DELETE NO ACTION ON UPDATE NO ACTION,
  ADD CONSTRAINT `fk_comision_has_personal_personal1` FOREIGN KEY (`personal_id`) REFERENCES `personal` (`id`) ON DELETE NO ACTION ON UPDATE NO ACTION;

--
-- Filtros para la tabla `detalle_parte`
--
ALTER TABLE `detalle_parte`
  ADD CONSTRAINT `fk_detalle_parte_parte1` FOREIGN KEY (`parte_id`) REFERENCES `parte` (`id`) ON DELETE NO ACTION ON UPDATE NO ACTION,
  ADD CONSTRAINT `fk_parte_tipo_existencia1` FOREIGN KEY (`tipo_existencia_id`) REFERENCES `tipo_existencia` (`id`) ON DELETE NO ACTION ON UPDATE NO ACTION;

--
-- Filtros para la tabla `estacion`
--
ALTER TABLE `estacion`
  ADD CONSTRAINT `fk_estacion_sector1` FOREIGN KEY (`sector_id`) REFERENCES `sector` (`id`) ON DELETE NO ACTION ON UPDATE NO ACTION;

--
-- Filtros para la tabla `fuerza`
--
ALTER TABLE `fuerza`
  ADD CONSTRAINT `fk_fuerza_tipo_fuerza1` FOREIGN KEY (`tipo_fuerza_id`) REFERENCES `tipo_fuerza` (`id`) ON DELETE NO ACTION ON UPDATE NO ACTION;

--
-- Filtros para la tabla `grado`
--
ALTER TABLE `grado`
  ADD CONSTRAINT `fk_grado_fuerza1` FOREIGN KEY (`fuerza_id`) REFERENCES `fuerza` (`id`) ON DELETE NO ACTION ON UPDATE NO ACTION;

--
-- Filtros para la tabla `menu`
--
ALTER TABLE `menu`
  ADD CONSTRAINT `fk_menu_categoria_menu1` FOREIGN KEY (`categoria_menu_id`) REFERENCES `categoria_menu` (`id`) ON DELETE NO ACTION ON UPDATE NO ACTION;

--
-- Filtros para la tabla `parte`
--
ALTER TABLE `parte`
  ADD CONSTRAINT `fk_parte_cae1` FOREIGN KEY (`cae_id`) REFERENCES `cae` (`id`) ON DELETE NO ACTION ON UPDATE NO ACTION;

--
-- Filtros para la tabla `pase`
--
ALTER TABLE `pase`
  ADD CONSTRAINT `fk_pase_cae1` FOREIGN KEY (`cae_id`) REFERENCES `cae` (`id`) ON DELETE NO ACTION ON UPDATE NO ACTION,
  ADD CONSTRAINT `fk_pase_personal1` FOREIGN KEY (`personal_id`) REFERENCES `personal` (`id`) ON DELETE NO ACTION ON UPDATE NO ACTION;

--
-- Filtros para la tabla `perfil_menu`
--
ALTER TABLE `perfil_menu`
  ADD CONSTRAINT `fk_perfil_menu_menu1` FOREIGN KEY (`menu_id`) REFERENCES `menu` (`id`) ON DELETE NO ACTION ON UPDATE NO ACTION,
  ADD CONSTRAINT `fk_perfil_menu_perfil1` FOREIGN KEY (`perfil_id`) REFERENCES `perfil` (`id`) ON DELETE NO ACTION ON UPDATE NO ACTION;

--
-- Filtros para la tabla `personal`
--
ALTER TABLE `personal`
  ADD CONSTRAINT `fk_personal_arma1` FOREIGN KEY (`arma_id`) REFERENCES `arma` (`id`) ON DELETE NO ACTION ON UPDATE NO ACTION,
  ADD CONSTRAINT `fk_personal_estado_civil1` FOREIGN KEY (`estado_civil_id`) REFERENCES `estado_civil` (`id`) ON DELETE NO ACTION ON UPDATE NO ACTION,
  ADD CONSTRAINT `fk_personal_fuerza1` FOREIGN KEY (`fuerza_id`) REFERENCES `fuerza` (`id`) ON DELETE NO ACTION ON UPDATE NO ACTION,
  ADD CONSTRAINT `fk_personal_funcion1` FOREIGN KEY (`funcion_id`) REFERENCES `funcion` (`id`) ON DELETE NO ACTION ON UPDATE NO ACTION,
  ADD CONSTRAINT `fk_personal_grado1` FOREIGN KEY (`grado_id`) REFERENCES `grado` (`id`) ON DELETE NO ACTION ON UPDATE NO ACTION;

--
-- Filtros para la tabla `sector`
--
ALTER TABLE `sector`
  ADD CONSTRAINT `fk_sector_cae1` FOREIGN KEY (`cae_id`) REFERENCES `cae` (`id`) ON DELETE NO ACTION ON UPDATE NO ACTION;

--
-- Filtros para la tabla `sistema`
--
ALTER TABLE `sistema`
  ADD CONSTRAINT `fk_sistema_seccion1` FOREIGN KEY (`seccion_id`) REFERENCES `seccion` (`id`) ON DELETE NO ACTION ON UPDATE NO ACTION;

--
-- Filtros para la tabla `tipo_existencia`
--
ALTER TABLE `tipo_existencia`
  ADD CONSTRAINT `fk_tipo_existencia_estacion1` FOREIGN KEY (`estacion_id`) REFERENCES `estacion` (`id`) ON DELETE NO ACTION ON UPDATE NO ACTION,
  ADD CONSTRAINT `fk_tipo_existencia_sistema1` FOREIGN KEY (`sistema_id`) REFERENCES `sistema` (`id`) ON DELETE NO ACTION ON UPDATE NO ACTION;

--
-- Filtros para la tabla `usuario`
--
ALTER TABLE `usuario`
  ADD CONSTRAINT `fk_usuario_personal1` FOREIGN KEY (`personal_id`) REFERENCES `personal` (`id`) ON DELETE NO ACTION ON UPDATE NO ACTION;

--
-- Filtros para la tabla `usuario_perfil`
--
ALTER TABLE `usuario_perfil`
  ADD CONSTRAINT `fk_usuario_has_perfil_perfil1` FOREIGN KEY (`perfil_id`) REFERENCES `perfil` (`id`) ON DELETE NO ACTION ON UPDATE NO ACTION,
  ADD CONSTRAINT `fk_usuario_has_perfil_usuario1` FOREIGN KEY (`usuario_id`) REFERENCES `usuario` (`id`) ON DELETE NO ACTION ON UPDATE NO ACTION;
COMMIT;

/*!40101 SET CHARACTER_SET_CLIENT=@OLD_CHARACTER_SET_CLIENT */;
/*!40101 SET CHARACTER_SET_RESULTS=@OLD_CHARACTER_SET_RESULTS */;
/*!40101 SET COLLATION_CONNECTION=@OLD_COLLATION_CONNECTION */;
